step,Decode-1_total_attn_ms,Decode-2_total_attn_ms,delta_ms,abs_delta_ms,Decode-1_num_reqs,Decode-2_num_reqs,Decode-1_num_tokens,Decode-2_num_tokens,Decode-1_mean_slen,Decode-2_mean_slen
1,96.159366,19.777924,76.381442,76.381442,8,10,8,10,58.2,44.8
2,7.977768,7.905135,0.072633,0.072633,8,10,8,10,59.2,45.8
3,9.498426,7.886849,1.611577,1.611577,8,20,8,20,60.2,68.3
4,8.053571,7.929891,0.123680,0.123680,29,30,29,30,47.9,69.3
5,8.759811,7.997017,0.762794,0.762794,31,34,31,34,48.9,70.3
6,8.444725,9.281544,-0.836819,0.836819,33,37,33,37,49.9,71.3
7,8.491482,7.933402,0.558080,0.558080,37,37,37,37,50.9,72.3
8,8.127762,8.003563,0.124199,0.124199,39,40,39,40,51.9,73.6
9,8.144014,8.075087,0.068927,0.068927,40,43,40,43,52.9,77.8
10,9.175121,8.021144,1.153977,1.153977,42,42,42,42,53.9,80.9
11,8.124980,9.012860,-0.887880,0.887880,44,49,44,49,54.9,81.9
12,8.063591,8.016416,0.047175,0.047175,48,49,48,49,55.9,82.9
13,8.119689,7.927086,0.192603,0.192603,50,52,50,52,56.9,83.9
14,8.079885,8.000517,0.079368,0.079368,50,56,50,56,57.9,84.9
15,8.660923,8.003420,0.657503,0.657503,54,56,54,56,58.9,85.9
16,8.238880,8.316012,-0.077132,0.077132,56,60,56,60,59.9,86.9
17,8.578748,8.035976,0.542772,0.542772,60,62,60,62,60.9,87.9
18,8.019405,8.055031,-0.035626,0.035626,63,62,63,62,61.9,88.9
19,8.355793,8.376678,-0.020885,0.020885,65,65,65,65,62.9,89.9
20,8.026944,8.088786,-0.061842,0.061842,68,62,68,62,63.9,90.9
21,8.347395,7.976562,0.370833,0.370833,68,66,68,66,64.9,91.9
22,8.059081,8.181075,-0.121994,0.121994,73,70,73,70,65.9,92.9
23,8.083637,8.015127,0.068510,0.068510,72,73,72,73,66.1,93.9
24,9.054753,7.983125,1.071628,1.071628,77,73,77,73,67.1,94.9
25,9.355026,8.110135,1.244891,1.244891,80,77,80,77,68.1,95.9
26,8.129758,8.071656,0.058102,0.058102,80,79,80,79,69.1,96.9
27,8.401022,7.984974,0.416048,0.416048,83,79,83,79,70.1,97.9
28,8.268436,7.951345,0.317091,0.317091,86,82,86,82,71.1,98.9
29,9.253786,8.023973,1.229813,1.229813,85,84,85,84,72.1,99.9
30,8.103240,9.025420,-0.922180,0.922180,89,86,89,86,73.1,100.9
31,8.239283,7.988619,0.250664,0.250664,93,88,93,88,74.1,101.9
32,8.080182,8.242258,-0.162076,0.162076,97,88,97,88,75.1,102.9
33,8.097593,8.015469,0.082124,0.082124,97,91,97,91,76.1,103.9
34,8.122086,8.512320,-0.390234,0.390234,99,95,99,95,77.1,104.9
35,8.573848,7.962431,0.611417,0.611417,98,96,98,96,78.1,105.9
36,9.299914,9.117777,0.182137,0.182137,103,96,103,96,79.1,106.9
37,8.109550,9.387437,-1.277887,1.277887,105,100,105,100,80.1,107.9
38,8.070848,8.584567,-0.513719,0.513719,108,100,108,100,81.1,108.9
39,8.237036,8.099028,0.138008,0.138008,106,102,106,102,82.1,109.9
40,8.575363,8.021156,0.554207,0.554207,109,108,109,108,83.1,110.9
41,8.207900,8.153587,0.054313,0.054313,113,110,113,110,84.1,111.9
42,8.955439,9.148058,-0.192619,0.192619,115,109,115,109,85.1,112.9
43,6.537796,7.948221,-1.410425,1.410425,116,109,116,109,86.1,113.9
44,6.408820,7.924028,-1.515208,1.515208,116,109,116,109,87.1,114.9
45,6.333102,7.966919,-1.633817,1.633817,121,117,121,117,88.1,115.9
46,6.407313,8.713774,-2.306461,2.306461,121,118,121,118,89.1,116.9
47,6.374417,7.979479,-1.605062,1.605062,123,117,123,117,90.1,117.9
48,6.375694,8.181904,-1.806210,1.806210,123,116,123,116,91.1,118.9
49,6.337485,8.532645,-2.195160,2.195160,127,127,127,127,92.1,119.9
50,6.500118,7.953408,-1.453290,1.453290,129,127,129,127,93.1,120.9
51,6.302164,8.823337,-2.521173,2.521173,129,128,129,128,94.1,121.9
52,6.463464,8.283756,-1.820292,1.820292,133,130,133,130,95.1,122.9
53,6.287325,7.987408,-1.700083,1.700083,134,129,134,129,96.1,123.9
54,6.598218,8.049005,-1.450787,1.450787,139,133,139,133,97.1,124.9
55,6.319106,8.365332,-2.046226,2.046226,139,135,139,135,98.1,125.9
56,6.316881,8.080598,-1.763717,1.763717,138,138,138,138,99.1,126.9
57,6.563931,7.974595,-1.410664,1.410664,141,138,141,138,100.1,127.9
58,6.311485,8.678600,-2.367115,2.367115,139,143,139,143,101.1,128.9
59,6.489066,8.014805,-1.525739,1.525739,141,145,141,145,102.1,129.9
60,6.408779,9.166445,-2.757666,2.757666,141,144,141,144,103.1,130.9
61,6.400802,7.569040,-1.168238,1.168238,141,144,141,144,104.1,131.9
62,6.314260,6.677327,-0.363067,0.363067,144,152,144,152,99.8,132.9
63,6.846979,6.443272,0.403707,0.403707,146,148,146,148,100.8,130.0
64,6.348730,6.463349,-0.114619,0.114619,146,149,146,149,101.8,131.0
65,6.439974,9.231173,-2.791199,2.791199,150,150,150,150,102.8,132.0
66,6.375968,8.975075,-2.599107,2.599107,152,150,152,150,103.8,133.0
67,6.545596,8.119355,-1.573759,1.573759,153,151,153,151,104.8,134.0
68,6.300412,8.216539,-1.916127,1.916127,155,155,155,155,101.4,135.0
69,6.468912,8.551765,-2.082853,2.082853,155,158,155,158,102.4,136.0
70,6.330803,8.076157,-1.745354,1.745354,159,157,159,157,103.4,137.0
71,6.715897,8.818403,-2.102506,2.102506,161,162,161,162,104.4,138.0
72,6.325450,8.128123,-1.802673,1.802673,165,163,165,163,105.4,139.0
73,6.352001,9.116041,-2.764040,2.764040,165,163,165,163,106.4,140.0
74,6.313139,8.498484,-2.185345,2.185345,168,166,168,166,107.4,137.9
75,6.332959,8.254663,-1.921704,1.921704,166,169,166,169,99.4,138.9
76,6.586277,9.396399,-2.810122,2.810122,171,172,171,172,100.4,139.9
77,6.299352,8.151091,-1.851739,1.851739,170,176,170,176,101.4,140.9
78,6.359067,8.167564,-1.808497,1.808497,172,174,172,174,102.4,141.9
79,6.882628,8.834242,-1.951614,1.951614,173,177,173,177,103.4,142.9
80,6.289451,8.298758,-2.009307,2.009307,173,180,173,180,104.4,143.9
81,6.332200,8.278113,-1.945913,1.945913,177,180,177,180,105.4,144.9
82,6.344631,9.273386,-2.928755,2.928755,179,185,179,185,106.4,145.9
83,6.340128,8.218286,-1.878158,1.878158,177,187,177,187,107.4,146.9
84,7.054817,8.220387,-1.165570,1.165570,180,193,180,193,108.4,147.9
85,6.320927,8.250768,-1.929841,1.929841,184,196,184,196,109.4,148.9
86,8.916686,9.367546,-0.450860,0.450860,185,199,185,199,110.4,149.9
87,8.070039,6.467854,1.602185,1.602185,189,197,189,197,111.4,150.9
88,8.509460,6.358400,2.151060,2.151060,191,200,191,200,112.4,151.9
89,8.443357,6.416154,2.027203,2.027203,191,200,191,200,113.4,152.9
90,9.166087,6.385571,2.780516,2.780516,195,199,195,199,114.4,153.9
91,6.335304,6.392536,-0.057232,0.057232,196,202,196,202,115.4,154.9
92,6.830608,6.764104,0.066504,0.066504,198,203,198,203,116.4,150.1
93,6.368146,6.389202,-0.021056,0.021056,200,206,200,206,117.4,151.1
94,6.357842,6.447128,-0.089286,0.089286,202,206,202,206,118.4,152.1
95,6.392555,6.506086,-0.113531,0.113531,203,209,203,209,119.4,153.1
96,6.342294,6.681548,-0.339254,0.339254,203,209,203,209,120.4,154.1
97,6.372184,6.527374,-0.155190,0.155190,205,211,205,211,121.4,155.1
98,6.353689,6.510216,-0.156527,0.156527,206,212,206,212,122.4,156.1
99,6.901718,6.510661,0.391057,0.391057,205,213,205,213,118.3,157.1
100,8.005083,8.424016,-0.418933,0.418933,207,216,207,216,119.3,158.1
101,8.110845,8.412569,-0.301724,0.301724,206,215,206,215,120.3,159.1
102,8.045672,8.180492,-0.134820,0.134820,208,215,208,215,121.3,160.1
103,8.203828,8.155632,0.048196,0.048196,210,218,210,218,122.3,161.1
104,7.702835,8.199014,-0.496179,0.496179,210,219,210,219,123.3,162.1
105,6.437009,8.141845,-1.704836,1.704836,213,217,213,217,124.3,163.1
106,6.524465,8.252481,-1.728016,1.728016,212,214,212,214,125.3,164.1
107,6.409922,8.251277,-1.841355,1.841355,218,212,218,212,126.3,165.1
108,6.378615,8.287385,-1.908770,1.908770,218,216,218,216,127.3,166.1
109,6.853784,8.317171,-1.463387,1.463387,222,219,222,219,128.3,155.2
110,6.410825,8.571066,-2.160241,2.160241,221,220,221,220,129.3,156.2
111,6.401838,8.189566,-1.787728,1.787728,224,222,224,222,130.3,157.2
112,6.354356,8.214449,-1.860093,1.860093,227,224,227,224,131.3,158.2
113,6.416294,8.863497,-2.447203,2.447203,225,221,225,221,132.3,159.2
114,6.499950,7.682576,-1.182626,1.182626,224,220,224,220,133.3,160.2
115,6.392370,6.437723,-0.045353,0.045353,224,217,224,217,134.3,173.8
116,6.317611,6.465688,-0.148077,0.148077,229,216,229,216,135.3,174.8
117,6.394129,6.434611,-0.040482,0.040482,229,214,229,214,136.3,175.8
118,6.500879,7.126141,-0.625262,0.625262,230,213,230,213,137.3,176.8
119,6.493155,6.441962,0.051193,0.051193,230,211,230,211,138.3,165.0
120,6.410412,6.455387,-0.044975,0.044975,228,207,228,207,139.3,167.0
121,6.564777,7.197808,-0.633031,0.633031,228,205,228,205,140.3,168.0
122,6.743968,6.450168,0.293800,0.293800,237,205,237,205,141.3,169.0
123,6.440902,6.500458,-0.059556,0.059556,235,203,235,203,142.3,170.0
124,6.416956,6.731921,-0.314965,0.314965,239,199,239,199,143.3,171.0
125,6.456293,6.419704,0.036589,0.036589,240,195,240,195,144.3,169.6
126,6.452409,6.466812,-0.014403,0.014403,240,194,240,194,145.3,170.6
127,6.411741,6.473963,-0.062222,0.062222,237,193,237,193,146.3,171.6
128,6.416733,6.433434,-0.016701,0.016701,238,192,238,192,147.3,172.6
129,6.381288,6.459721,-0.078433,0.078433,237,190,237,190,148.3,173.6
130,6.385146,6.461968,-0.076822,0.076822,230,188,230,188,149.3,174.6
131,6.874337,6.469875,0.404462,0.404462,229,187,229,187,150.3,175.6
132,6.508326,6.549314,-0.040988,0.040988,226,186,226,186,151.3,176.6
133,6.388916,6.523731,-0.134815,0.134815,225,184,225,184,152.3,177.6
134,6.410036,6.473751,-0.063715,0.063715,222,182,222,182,153.3,178.6
135,6.356602,6.551142,-0.194540,0.194540,216,180,216,180,154.3,175.2
136,6.348546,6.998975,-0.650429,0.650429,215,178,215,178,157.3,176.2
137,6.333225,6.477314,-0.144089,0.144089,213,177,213,177,158.3,177.2
138,6.858841,6.516276,0.342565,0.342565,212,176,212,176,159.3,178.2
139,6.345680,6.457562,-0.111882,0.111882,207,174,207,174,160.3,179.2
140,6.352773,6.447706,-0.094933,0.094933,204,174,204,174,162.3,180.2
141,6.535344,6.492240,0.043104,0.043104,200,172,200,172,163.3,181.2
142,6.712701,6.587119,0.125582,0.125582,198,171,198,171,165.3,182.2
143,6.359296,6.466229,-0.106933,0.106933,196,169,196,169,166.3,189.6
144,6.430010,6.498322,-0.068312,0.068312,195,168,195,168,168.3,190.6
145,6.295741,6.517745,-0.222004,0.222004,192,166,192,166,169.3,191.6
146,6.363759,6.519077,-0.155318,0.155318,187,165,187,165,171.3,192.6
147,6.374463,6.424385,-0.049922,0.049922,188,162,188,162,169.5,193.6
148,6.375850,6.518496,-0.142646,0.142646,186,162,186,162,169.2,194.6
149,6.398174,6.491031,-0.092857,0.092857,184,160,184,160,170.2,195.6
150,6.453191,6.454247,-0.001056,0.001056,181,159,181,159,171.2,197.6
151,6.483927,6.586302,-0.102375,0.102375,180,158,180,158,172.2,198.6
152,6.381803,6.727624,-0.345821,0.345821,180,156,180,156,173.2,199.6
153,6.795103,6.476526,0.318577,0.318577,179,155,179,155,174.2,200.6
154,6.781458,6.493025,0.288433,0.288433,176,154,176,154,175.2,197.5
155,6.367990,6.417195,-0.049205,0.049205,176,153,176,153,176.2,198.5
156,6.369129,6.394135,-0.025006,0.025006,175,150,175,150,177.2,199.5
157,6.368765,6.434846,-0.066081,0.066081,173,150,173,150,176.2,200.5
158,6.418277,6.591586,-0.173309,0.173309,173,149,173,149,177.2,201.5
159,6.404613,6.426779,-0.022166,0.022166,172,147,172,147,178.2,207.1
160,6.477812,6.499659,-0.021847,0.021847,169,144,169,144,179.2,201.1
161,6.345815,6.395719,-0.049904,0.049904,169,144,169,144,180.2,204.1
162,6.445205,6.406173,0.039032,0.039032,168,144,168,144,181.2,205.1
163,6.403606,6.364265,0.039341,0.039341,168,142,168,142,182.2,206.1
164,6.573336,6.479138,0.094198,0.094198,167,141,167,141,183.2,207.6
165,6.409732,6.412042,-0.002310,0.002310,165,140,165,140,184.2,208.6
166,6.389846,6.538512,-0.148666,0.148666,164,138,164,138,185.2,209.6
167,6.462483,6.440396,0.022087,0.022087,163,138,163,138,186.2,210.6
168,6.377965,6.425579,-0.047614,0.047614,162,137,162,137,187.2,211.6
169,6.375043,6.529808,-0.154765,0.154765,161,136,161,136,188.2,212.6
170,6.356082,6.598419,-0.242337,0.242337,159,135,159,135,189.2,213.6
171,6.361056,6.522462,-0.161406,0.161406,158,134,158,134,190.2,214.6
172,6.436527,6.479287,-0.042760,0.042760,157,134,157,134,191.2,215.6
173,6.454111,6.557701,-0.103590,0.103590,155,133,155,133,192.2,216.6
174,6.421039,6.601396,-0.180357,0.180357,155,133,155,133,193.1,217.6
175,6.495032,6.555387,-0.060355,0.060355,154,133,154,133,188.6,218.6
176,6.438028,6.503478,-0.065450,0.065450,154,132,154,132,189.6,219.6
177,6.440307,6.482522,-0.042215,0.042215,154,131,154,131,190.6,220.6
178,6.349442,6.490869,-0.141427,0.141427,151,129,151,129,191.6,221.6
179,6.395457,6.506387,-0.110930,0.110930,151,128,151,128,190.2,222.6
180,6.319615,6.501236,-0.181621,0.181621,150,127,150,127,191.6,223.6
181,6.325278,6.449114,-0.123836,0.123836,148,126,148,126,192.6,226.6
182,6.389783,9.431313,-3.041530,3.041530,148,124,148,124,193.6,227.6
183,6.390449,8.047978,-1.657529,1.657529,145,124,145,124,194.6,229.6
184,6.374598,8.352355,-1.977757,1.977757,144,124,144,124,196.6,230.6
185,6.479718,8.052692,-1.572974,1.572974,144,122,144,122,197.6,231.6
186,6.381959,7.986557,-1.604598,1.604598,144,122,144,122,198.6,244.6
187,6.434974,8.142921,-1.707947,1.707947,143,122,143,122,199.6,246.6
188,6.546281,8.018096,-1.471815,1.471815,142,121,142,121,200.6,247.6
189,6.451890,7.943525,-1.491635,1.491635,141,120,141,120,201.6,248.6
190,8.094648,7.898332,0.196316,0.196316,139,119,139,119,203.6,240.0
191,8.104083,7.978705,0.125378,0.125378,138,118,138,118,205.6,241.0
192,8.096864,7.999075,0.097789,0.097789,138,118,138,118,206.6,242.0
193,8.079987,7.979898,0.100089,0.100089,137,118,137,118,207.6,243.0
194,8.231532,8.048153,0.183379,0.183379,135,117,135,117,208.6,244.0
195,6.842963,7.951632,-1.108669,1.108669,135,117,135,117,210.6,245.0
196,6.408263,7.939282,-1.531019,1.531019,134,116,134,116,212.6,246.0
197,6.398519,8.026339,-1.627820,1.627820,131,116,131,116,213.6,247.0
198,6.427074,7.928254,-1.501180,1.501180,132,115,132,115,215.6,248.0
199,6.558852,8.001644,-1.442792,1.442792,130,115,130,115,216.6,250.0
200,6.450405,7.951503,-1.501098,1.501098,130,114,130,114,219.6,251.0
201,6.476158,7.943872,-1.467714,1.467714,129,113,129,113,220.6,252.0
202,6.956754,8.011427,-1.054673,1.054673,129,113,129,113,221.6,253.0
203,6.350424,7.955492,-1.605068,1.605068,128,112,128,112,222.6,254.0
204,6.408094,7.933327,-1.525233,1.525233,127,112,127,112,224.6,255.0
205,6.440618,7.982162,-1.541544,1.541544,125,112,125,112,223.4,256.0
206,6.429352,8.126919,-1.697567,1.697567,125,112,125,112,225.4,257.0
207,6.389890,7.914084,-1.524194,1.524194,124,112,124,112,226.4,258.0
208,6.420521,8.013427,-1.592906,1.592906,124,110,124,110,227.4,257.4
209,6.441261,8.021853,-1.580592,1.580592,123,110,123,110,228.4,259.4
210,6.359863,8.057646,-1.697783,1.697783,123,110,123,110,229.4,260.4
211,6.406212,8.038329,-1.632117,1.632117,122,108,122,108,230.4,261.4
212,8.547186,7.987011,0.560175,0.560175,121,109,121,109,231.4,263.4
213,8.045806,7.976160,0.069646,0.069646,121,109,121,109,232.4,264.4
214,8.051908,8.002867,0.049041,0.049041,119,108,119,108,234.4,265.4
215,8.107287,8.031092,0.076195,0.076195,118,107,118,107,236.4,266.4
216,8.072268,8.057337,0.014931,0.014931,118,107,118,107,234.1,267.4
217,8.054275,8.376870,-0.322595,0.322595,118,105,118,105,235.1,268.4
218,8.075386,8.192570,-0.117184,0.117184,116,105,116,105,241.0,270.4
219,8.040886,8.115157,-0.074271,0.074271,116,104,116,104,243.0,271.4
220,8.012286,8.231730,-0.219444,0.219444,115,105,115,105,244.0,271.6
221,8.028246,7.858265,0.169981,0.169981,114,103,114,103,245.0,272.6
222,8.043695,8.283506,-0.239811,0.239811,114,103,114,103,247.0,271.2
223,8.037600,8.115166,-0.077566,0.077566,113,103,113,103,248.0,272.2
224,8.281222,8.094968,0.186254,0.186254,113,102,113,102,249.0,273.2
225,8.010368,8.125051,-0.114683,0.114683,112,101,112,101,250.9,274.2
226,8.052613,8.122284,-0.069671,0.069671,112,101,112,101,251.9,275.2
227,8.663011,8.111756,0.551255,0.551255,112,101,112,101,252.9,276.2
228,8.026189,8.107998,-0.081809,0.081809,111,101,111,101,253.9,277.2
229,8.089628,8.212026,-0.122398,0.122398,109,100,109,100,254.9,278.2
230,6.867635,8.055762,-1.188127,1.188127,110,100,110,100,257.9,279.2
231,8.249138,8.102065,0.147073,0.147073,110,99,110,99,258.9,279.6
232,6.403052,8.099954,-1.696902,1.696902,108,99,108,99,259.9,280.6
233,6.846886,8.040805,-1.193919,1.193919,107,98,107,98,261.9,296.4
234,6.418078,8.067308,-1.649230,1.649230,108,98,108,98,263.9,297.4
235,6.349104,8.004089,-1.654985,1.654985,107,98,107,98,265.9,298.4
236,6.363834,8.046625,-1.682791,1.682791,107,97,107,97,266.9,299.4
237,6.325217,7.966928,-1.641711,1.641711,106,96,106,96,267.9,300.4
238,6.383541,8.008416,-1.624875,1.624875,106,96,106,96,268.9,301.4
239,6.331046,7.948711,-1.617665,1.617665,105,96,105,96,269.9,302.4
240,6.338673,8.000974,-1.662301,1.662301,104,95,104,95,270.9,301.9
241,6.279966,8.005815,-1.725849,1.725849,104,95,104,95,271.9,302.9
242,6.312093,8.048790,-1.736697,1.736697,103,94,103,94,272.9,303.9
243,6.529952,8.018685,-1.488733,1.488733,102,94,102,94,273.9,304.9
244,6.480221,7.971323,-1.491102,1.491102,103,94,103,94,275.9,305.9
245,6.465583,8.006826,-1.541243,1.541243,101,93,101,93,276.9,306.9
246,6.403428,8.004832,-1.601404,1.601404,102,93,102,93,278.9,307.9
247,6.369298,8.012663,-1.643365,1.643365,100,91,100,91,279.9,309.9
248,6.417593,8.045624,-1.628031,1.628031,101,92,101,92,281.9,311.9
249,6.289430,8.018837,-1.729407,1.729407,101,92,101,92,282.9,312.9
250,6.360469,8.120748,-1.760279,1.760279,100,91,100,91,283.9,313.9
251,6.384020,8.055194,-1.671174,1.671174,99,90,99,90,284.9,314.9
252,6.385240,8.078608,-1.693368,1.693368,99,90,99,90,285.9,315.9
253,6.352392,8.172731,-1.820339,1.820339,99,89,99,89,286.9,316.9
254,6.363607,7.654703,-1.291096,1.291096,98,90,98,90,288.9,318.9
255,6.373185,6.460710,-0.087525,0.087525,97,90,97,90,289.9,319.9
256,6.492151,6.421625,0.070526,0.070526,98,88,98,88,293.9,320.2
257,6.372006,6.366546,0.005460,0.005460,97,87,97,87,295.9,322.2
258,6.349310,6.390510,-0.041200,0.041200,97,88,97,88,296.9,324.2
259,6.328895,6.354552,-0.025657,0.025657,96,87,96,87,297.9,325.2
260,6.440049,6.395271,0.044778,0.044778,96,87,96,87,300.9,327.2
261,6.338489,6.376892,-0.038403,0.038403,95,86,95,86,301.9,328.2
262,6.357722,6.357252,0.000470,0.000470,95,89,95,89,303.9,330.2
263,6.353818,6.344378,0.009440,0.009440,95,89,95,89,304.9,331.2
264,6.340671,6.527209,-0.186538,0.186538,94,89,94,89,305.9,332.2
265,6.388538,6.370847,0.017691,0.017691,94,89,94,89,307.9,333.2
266,6.722140,6.405438,0.316702,0.316702,94,89,94,89,308.9,334.2
267,6.341834,6.411066,-0.069232,0.069232,94,89,94,89,309.9,335.2
268,6.267915,6.515501,-0.247586,0.247586,93,88,93,88,310.9,336.2
269,6.304549,6.512930,-0.208381,0.208381,93,88,93,88,311.9,337.2
270,6.377010,6.400619,-0.023609,0.023609,92,87,92,87,312.9,339.2
271,6.341014,6.401025,-0.060011,0.060011,92,87,92,87,313.9,340.2
272,6.319098,6.388966,-0.069868,0.069868,91,87,91,87,314.9,341.2
273,6.375917,8.038412,-1.662495,1.662495,91,86,91,86,315.9,342.2
274,6.401030,6.384343,0.016687,0.016687,91,87,91,87,316.9,344.2
275,6.346147,6.392407,-0.046260,0.046260,90,86,90,86,317.9,345.2
276,6.316469,6.390052,-0.073583,0.073583,89,86,89,86,318.9,346.2
277,6.294948,6.344110,-0.049162,0.049162,89,85,89,85,319.9,347.2
278,6.290991,6.358947,-0.067956,0.067956,89,85,89,85,320.9,348.2
279,6.317169,6.457991,-0.140822,0.140822,89,85,89,85,321.9,349.2
280,6.339437,6.386708,-0.047271,0.047271,88,87,88,87,322.9,351.2
281,6.309214,6.401233,-0.092019,0.092019,88,87,88,87,323.9,354.2
282,6.343064,6.495354,-0.152290,0.152290,88,87,88,87,324.9,355.2
283,6.397879,6.394420,0.003459,0.003459,88,85,88,85,327.9,356.2
284,6.373677,6.447948,-0.074271,0.074271,86,87,86,87,326.7,358.2
285,6.372128,6.532533,-0.160405,0.160405,87,85,87,85,328.7,359.2
286,6.377542,6.532083,-0.154541,0.154541,87,86,87,86,329.7,361.2
287,6.342348,6.808784,-0.466436,0.466436,86,86,86,86,330.7,362.2
288,6.337221,6.429128,-0.091907,0.091907,86,85,86,85,331.7,363.2
289,6.282787,6.401944,-0.119157,0.119157,86,83,86,83,333.7,364.2
290,6.295656,6.710882,-0.415226,0.415226,83,86,83,86,336.9,366.2
291,6.509599,7.015305,-0.505706,0.505706,88,85,88,85,338.9,367.2
292,6.388116,6.773930,-0.385814,0.385814,87,85,87,85,339.9,368.2
293,6.341972,6.717991,-0.376019,0.376019,87,84,87,84,340.9,369.2
294,8.378913,6.662865,1.716048,1.716048,88,83,88,83,333.2,370.2
295,8.211177,6.632030,1.579147,1.579147,87,82,87,82,334.2,371.2
296,8.118392,6.747225,1.371167,1.371167,87,82,87,82,335.2,372.2
297,8.007734,6.807994,1.199740,1.199740,86,82,86,82,337.2,373.2
298,8.105694,7.000860,1.104834,1.104834,86,81,86,81,338.2,374.2
299,8.134861,6.713060,1.421801,1.421801,85,81,85,81,339.2,375.2
300,7.964040,8.718973,-0.754933,0.754933,85,80,85,80,340.2,376.2
301,8.015497,8.174012,-0.158515,0.158515,84,80,84,80,347.1,377.2
302,8.091530,8.158488,-0.066958,0.066958,84,80,84,80,348.1,378.2
303,8.074389,8.189598,-0.115209,0.115209,83,80,83,80,349.1,379.2
304,8.014500,8.333458,-0.318958,0.318958,83,80,83,80,350.1,380.2
305,8.043195,8.206478,-0.163283,0.163283,83,80,83,80,351.1,381.2
306,8.003403,8.502244,-0.498841,0.498841,82,80,82,80,352.1,382.2
307,8.105684,8.296518,-0.190834,0.190834,82,80,82,80,353.1,383.2
308,8.098756,8.150497,-0.051741,0.051741,81,79,81,79,354.1,384.2
309,8.160323,8.248716,-0.088393,0.088393,80,78,80,78,355.1,385.2
310,8.193399,8.101075,0.092324,0.092324,81,78,81,78,357.1,386.2
311,8.121876,8.253239,-0.131363,0.131363,79,77,79,77,358.1,387.2
312,8.100103,8.107671,-0.007568,0.007568,80,77,80,77,360.1,388.2
313,8.131442,8.172658,-0.041216,0.041216,81,77,81,77,362.1,389.2
314,8.074856,8.077327,-0.002471,0.002471,81,77,81,77,363.1,390.2
315,6.752760,8.135930,-1.383170,1.383170,81,77,81,77,364.1,391.2
316,6.486466,8.069684,-1.583218,1.583218,81,77,81,77,353.8,392.2
317,6.568778,8.207846,-1.639068,1.639068,82,76,82,76,355.8,393.2
318,6.468432,8.036080,-1.567648,1.567648,82,76,82,76,356.8,394.2
319,6.530508,8.286735,-1.756227,1.756227,81,76,81,76,357.8,395.2
320,6.438628,8.067875,-1.629247,1.629247,81,76,81,76,358.8,396.2
321,6.337771,8.137130,-1.799359,1.799359,80,76,80,76,359.8,397.2
322,6.363806,8.384029,-2.020223,2.020223,79,76,79,76,360.8,398.2
323,6.407906,8.251736,-1.843830,1.843830,79,76,79,76,362.8,399.2
324,6.376414,8.481176,-2.104762,2.104762,80,75,80,75,364.8,400.2
325,6.328947,8.449407,-2.120460,2.120460,79,75,79,75,365.8,401.2
326,6.342781,8.052249,-1.709468,1.709468,79,75,79,75,366.8,402.2
327,6.352686,7.233722,-0.881036,0.881036,79,74,79,74,367.8,403.2
328,6.385107,6.472434,-0.087327,0.087327,78,74,78,74,368.8,404.2
329,6.334124,6.576140,-0.242016,0.242016,77,75,77,75,369.8,389.1
330,6.437939,6.582827,-0.144888,0.144888,78,73,78,73,371.8,390.1
331,6.421540,6.722201,-0.300661,0.300661,78,73,78,73,372.8,392.1
332,6.374640,6.480821,-0.106181,0.106181,77,73,77,73,373.8,393.1
333,6.347276,6.549957,-0.202681,0.202681,78,73,78,73,375.8,394.1
334,6.590619,6.437820,0.152799,0.152799,78,73,78,73,376.8,395.1
335,6.770484,6.482905,0.287579,0.287579,77,73,77,73,377.8,397.1
336,6.406963,6.312819,0.094144,0.094144,76,71,76,71,378.8,398.1
337,6.472491,6.422408,0.050083,0.050083,76,72,76,72,379.8,400.1
338,6.622798,6.429174,0.193624,0.193624,75,72,75,72,380.8,401.1
339,6.398263,6.362610,0.035653,0.035653,75,71,75,71,381.8,402.1
340,6.446083,6.989244,-0.543161,0.543161,75,70,75,70,382.8,404.1
341,6.435021,7.419522,-0.984501,0.984501,73,71,73,71,400.6,406.1
342,6.444227,7.231370,-0.787143,0.787143,76,70,76,70,391.9,407.1
343,6.623128,7.169935,-0.546807,0.546807,78,70,78,70,393.9,408.1
344,6.378212,6.964192,-0.585980,0.585980,77,70,77,70,394.9,410.1
345,6.395051,7.202350,-0.807299,0.807299,77,70,77,70,395.9,411.1
346,6.505496,7.523002,-1.017506,1.017506,76,70,76,70,396.9,412.1
347,6.486023,6.371754,0.114269,0.114269,75,70,75,70,397.9,413.1
348,6.379142,6.348556,0.030586,0.030586,75,69,75,69,399.9,414.1
349,6.660259,6.362850,0.297409,0.297409,74,69,74,69,400.9,415.1
350,6.852253,6.316986,0.535267,0.535267,76,69,76,69,402.9,416.1
351,6.452515,6.307091,0.145424,0.145424,76,69,76,69,403.9,417.1
352,6.836204,6.297756,0.538448,0.538448,74,69,74,69,404.9,418.1
353,6.459507,6.299603,0.159904,0.159904,74,68,74,68,405.9,419.1
354,6.425369,6.292532,0.132837,0.132837,73,68,73,68,406.9,420.1
355,6.434178,6.291722,0.142456,0.142456,77,66,77,66,408.9,421.1
356,6.419964,6.381293,0.038671,0.038671,79,69,79,69,410.9,423.1
357,6.391643,6.321753,0.069890,0.069890,77,68,77,68,395.0,424.1
358,6.382365,6.336523,0.045842,0.045842,79,68,79,68,397.0,425.1
359,6.432138,6.268343,0.163795,0.163795,78,68,78,68,398.0,427.1
360,6.465779,6.270913,0.194866,0.194866,77,68,77,68,399.0,428.1
361,6.387348,6.325630,0.061718,0.061718,76,68,76,68,396.1,429.1
362,6.390597,6.313056,0.077541,0.077541,76,67,76,67,397.1,430.1
363,6.469155,6.303236,0.165919,0.165919,76,67,76,67,398.1,431.1
364,6.476278,6.255091,0.221187,0.221187,75,66,75,66,399.1,432.1
365,6.388268,6.304574,0.083694,0.083694,75,66,75,66,400.1,433.1
366,6.381003,6.279835,0.101168,0.101168,74,66,74,66,401.1,434.1
367,6.427197,6.302121,0.125076,0.125076,74,66,74,66,402.1,435.1
368,6.341687,6.337690,0.003997,0.003997,73,65,73,65,402.9,436.1
369,6.375107,6.447341,-0.072234,0.072234,73,67,73,67,403.9,438.1
370,6.376664,6.319604,0.057060,0.057060,72,67,72,67,404.9,439.1
371,6.412944,6.336914,0.076030,0.076030,72,66,72,66,405.9,440.1
372,6.437818,6.367587,0.070231,0.070231,71,66,71,66,406.9,441.1
373,6.379382,6.276514,0.102868,0.102868,71,66,71,66,407.9,442.1
374,6.396626,6.361985,0.034641,0.034641,71,66,71,66,408.9,443.1
375,6.431935,6.349496,0.082439,0.082439,70,66,70,66,431.9,444.1
376,6.368795,6.300359,0.068436,0.068436,68,66,68,66,432.9,445.1
377,6.477056,6.280309,0.196747,0.196747,70,66,70,66,434.9,446.1
378,6.316566,6.431968,-0.115402,0.115402,72,66,72,66,425.2,447.1
379,6.386213,6.448545,-0.062332,0.062332,71,65,71,65,426.2,448.1
380,6.367319,6.306749,0.060570,0.060570,71,65,71,65,427.2,449.1
381,6.473929,6.564250,-0.090321,0.090321,71,65,71,65,428.2,450.1
382,6.493345,6.266379,0.226966,0.226966,72,64,72,64,409.4,451.1
383,6.410338,6.264162,0.146176,0.146176,71,64,71,64,410.4,452.1
384,6.928904,6.268526,0.660378,0.660378,74,64,74,64,413.4,453.1
385,8.025417,6.229166,1.796251,1.796251,74,64,74,64,414.4,454.1
386,6.441212,6.260516,0.180696,0.180696,73,64,73,64,415.4,456.1
387,6.492591,6.376367,0.116224,0.116224,71,64,71,64,416.4,442.1
388,6.378064,6.372325,0.005739,0.005739,74,64,74,64,418.4,443.1
389,6.413934,6.327196,0.086738,0.086738,73,64,73,64,419.4,444.1
390,6.327504,6.338276,-0.010772,0.010772,73,64,73,64,420.4,445.1
391,6.353868,6.425133,-0.071265,0.071265,72,64,72,64,421.4,446.1
392,6.568233,6.337375,0.230858,0.230858,72,64,72,64,422.4,447.1
393,6.386860,6.388143,-0.001283,0.001283,72,63,72,63,423.4,462.6
394,6.581026,6.375537,0.205489,0.205489,71,63,71,63,424.4,463.6
395,6.425724,6.340962,0.084762,0.084762,70,62,70,62,425.4,464.6
396,6.467532,6.356038,0.111494,0.111494,70,62,70,62,427.4,465.6
397,6.443509,6.307429,0.136080,0.136080,69,62,69,62,428.4,466.6
398,6.441026,6.417749,0.023277,0.023277,69,62,69,62,429.4,467.6
399,6.369329,6.343487,0.025842,0.025842,69,62,69,62,430.4,468.6
400,6.382826,6.333317,0.049509,0.049509,68,62,68,62,431.4,470.6
401,6.381664,6.328195,0.053469,0.053469,67,62,67,62,431.2,471.6
402,6.428962,6.341417,0.087545,0.087545,69,62,69,62,433.2,472.6
403,6.424382,6.413664,0.010718,0.010718,68,62,68,62,434.2,473.6
404,6.425531,6.450070,-0.024539,0.024539,70,61,70,61,416.2,474.6
405,6.433398,6.359019,0.074379,0.074379,70,61,70,61,417.2,475.6
406,6.439102,6.326753,0.112349,0.112349,70,61,70,61,418.2,476.6
407,6.439091,6.348281,0.090810,0.090810,69,61,69,61,419.2,477.6
408,6.410061,6.371662,0.038399,0.038399,69,60,69,60,420.2,478.6
409,6.425293,6.373448,0.051845,0.051845,68,60,68,60,421.2,479.6
410,6.419803,6.334012,0.085791,0.085791,67,60,67,60,424.2,480.6
411,6.402869,6.351505,0.051364,0.051364,67,60,67,60,425.2,481.6
412,6.531647,6.410705,0.120942,0.120942,69,60,69,60,405.8,482.6
413,6.419542,6.530758,-0.111216,0.111216,68,60,68,60,406.8,483.6
414,6.468934,6.360569,0.108365,0.108365,66,60,66,60,410.8,484.6
415,6.433017,6.391003,0.042014,0.042014,69,59,69,59,412.8,485.6
416,6.410060,6.382760,0.027300,0.027300,67,59,67,59,413.8,486.6
417,6.441435,6.397262,0.044173,0.044173,79,58,79,58,416.8,487.6
418,6.339318,6.325805,0.013513,0.013513,78,59,78,59,417.8,489.6
419,6.385798,6.311187,0.074611,0.074611,76,59,76,59,418.8,490.6
420,6.381154,6.310063,0.071091,0.071091,75,59,75,59,419.8,491.6
421,6.424577,6.418736,0.005841,0.005841,79,59,79,59,421.8,492.6
422,6.413431,6.446334,-0.032903,0.032903,79,58,79,58,422.8,493.6
423,6.587995,6.317531,0.270464,0.270464,77,58,77,58,423.8,494.6
424,6.371041,6.298175,0.072866,0.072866,76,58,76,58,424.8,495.6
425,6.397328,6.336857,0.060471,0.060471,75,57,75,57,425.8,491.2
426,6.348744,6.402712,-0.053968,0.053968,73,58,73,58,426.8,493.2
427,6.417154,6.333416,0.083738,0.083738,72,58,72,58,427.8,494.2
428,6.446522,6.280027,0.166495,0.166495,71,58,71,58,428.8,495.2
429,6.469465,6.298445,0.171020,0.171020,69,58,69,58,429.8,496.2
430,6.397565,6.330078,0.067487,0.067487,74,57,74,57,431.8,497.2
431,6.777022,6.285002,0.492020,0.492020,73,57,73,57,432.8,498.2
432,6.480328,6.290124,0.190204,0.190204,73,56,73,56,433.8,501.6
433,6.379767,6.298269,0.081498,0.081498,79,57,79,57,436.8,503.6
434,6.531379,6.338273,0.193106,0.193106,79,57,79,57,437.8,504.6
435,6.409791,6.374666,0.035125,0.035125,79,57,79,57,439.8,505.6
436,6.475845,6.349035,0.126810,0.126810,78,57,78,57,440.8,507.6
437,6.404564,6.386203,0.018361,0.018361,76,56,76,56,440.1,508.6
438,8.219965,6.344264,1.875701,1.875701,76,56,76,56,441.1,509.6
439,8.096758,6.340373,1.756385,1.756385,75,57,75,57,442.1,511.6
440,8.136901,6.360494,1.776407,1.776407,74,57,74,57,436.9,512.6
441,8.213556,6.311204,1.902352,1.902352,74,57,74,57,437.9,513.6
442,8.307040,6.362989,1.944051,1.944051,74,56,74,56,438.9,514.6
443,8.007043,6.351328,1.655715,1.655715,73,56,73,56,439.9,515.6
444,7.965375,6.293800,1.671575,1.671575,72,55,72,55,440.9,516.6
445,8.160529,6.315502,1.845027,1.845027,72,55,72,55,441.9,517.6
446,8.058270,6.329981,1.728289,1.728289,70,55,70,55,443.4,518.6
447,7.951718,6.352438,1.599280,1.599280,69,55,69,55,444.4,519.6
448,7.930504,6.323835,1.606669,1.606669,69,55,69,55,445.4,520.6
449,7.914705,6.355483,1.559222,1.559222,68,55,68,55,446.4,521.6
450,8.012339,6.301741,1.710598,1.710598,68,55,68,55,447.4,522.6
451,7.950696,6.299039,1.651657,1.651657,67,55,67,55,448.4,523.6
452,7.979109,6.262223,1.716886,1.716886,66,55,66,55,453.8,524.6
453,7.950430,6.289876,1.660554,1.660554,65,54,65,54,454.8,525.6
454,8.008865,7.351577,0.657288,0.657288,64,54,64,54,455.8,526.6
455,8.023066,6.361448,1.661618,1.661618,63,54,63,54,446.0,527.6
456,6.415787,6.321385,0.094402,0.094402,70,54,70,54,448.0,528.6
457,6.403648,6.301088,0.102560,0.102560,70,54,70,54,449.0,529.6
458,6.398762,6.319459,0.079303,0.079303,68,54,68,54,450.0,530.6
459,6.410057,6.316625,0.093432,0.093432,68,53,68,53,451.0,531.6
460,6.407856,6.419533,-0.011677,0.011677,67,55,67,55,452.0,533.6
461,6.387872,6.402368,-0.014496,0.014496,66,55,66,55,453.0,534.6
462,6.391547,6.330000,0.061547,0.061547,65,54,65,54,454.0,535.6
463,6.429933,6.337726,0.092207,0.092207,65,54,65,54,455.0,536.6
464,6.404761,6.296029,0.108732,0.108732,65,55,65,55,456.0,530.9
465,6.795753,6.360180,0.435573,0.435573,65,56,65,56,457.0,533.9
466,6.367409,6.358360,0.009049,0.009049,64,56,64,56,458.0,534.9
467,6.335711,6.354853,-0.019142,0.019142,64,56,64,56,459.0,535.9
468,6.338148,6.352654,-0.014506,0.014506,62,56,62,56,460.0,536.9
469,6.363153,6.779268,-0.416115,0.416115,61,55,61,55,461.0,537.9
470,6.318650,6.293190,0.025460,0.025460,60,57,60,57,462.0,539.9
471,6.343282,6.330677,0.012605,0.012605,65,57,65,57,464.0,540.9
472,6.380338,8.562013,-2.181675,2.181675,64,55,64,55,465.0,541.9
473,7.794534,8.156662,-0.362128,0.362128,63,67,63,67,466.0,543.9
474,6.532862,8.227648,-1.694786,1.694786,63,66,63,66,467.0,544.9
475,6.353780,8.586953,-2.233173,2.233173,63,65,63,65,468.0,545.9
476,6.341375,8.136981,-1.795606,1.795606,62,64,62,64,469.0,546.9
477,6.460984,8.090679,-1.629695,1.629695,61,63,61,63,470.0,547.9
478,6.376185,8.143637,-1.767452,1.767452,61,63,61,63,471.0,548.9
479,6.427363,8.058134,-1.630771,1.630771,61,63,61,63,472.0,549.9
480,6.424080,8.091612,-1.667532,1.667532,61,62,61,62,473.0,550.9
481,6.384725,8.052950,-1.668225,1.668225,60,62,60,62,474.0,551.9
482,6.412197,8.138630,-1.726433,1.726433,60,64,60,64,475.0,553.9
483,6.353860,8.051313,-1.697453,1.697453,59,64,59,64,476.0,554.9
484,6.332783,6.454588,-0.121805,0.121805,58,63,58,63,477.0,555.9
485,6.326211,6.426507,-0.100296,0.100296,58,62,58,62,478.0,556.9
486,6.375297,6.454635,-0.079338,0.079338,58,62,58,62,479.0,557.9
487,6.387123,6.438269,-0.051146,0.051146,57,62,57,62,480.0,558.9
488,6.388137,6.432365,-0.044228,0.044228,57,61,57,61,481.0,559.9
489,6.295710,6.404059,-0.108349,0.108349,57,61,57,61,482.0,560.9
490,6.316402,6.455184,-0.138782,0.138782,57,60,57,60,483.0,561.9
491,6.331234,6.390525,-0.059291,0.059291,56,61,56,61,505.1,563.9
492,6.326311,6.807632,-0.481321,0.481321,56,61,56,61,506.1,565.9
493,6.316988,6.931604,-0.614616,0.614616,56,60,56,60,507.1,566.9
494,6.393027,6.443955,-0.050928,0.050928,55,60,55,60,533.8,567.9
495,6.303779,6.391264,-0.087485,0.087485,54,59,54,59,534.8,568.9
496,6.633820,6.421937,0.211883,0.211883,57,63,57,63,536.8,570.9
497,6.354386,6.402642,-0.048256,0.048256,57,62,57,62,537.8,571.9
498,6.360750,6.408657,-0.047907,0.047907,55,61,55,61,538.8,572.9
499,6.357141,6.438235,-0.081094,0.081094,57,61,57,61,540.8,573.9
500,6.356717,6.456410,-0.099693,0.099693,56,60,56,60,541.8,574.9
501,6.291847,6.397739,-0.105892,0.105892,55,60,55,60,542.8,575.9
502,6.397969,6.372267,0.025702,0.025702,58,59,58,59,544.8,576.9
503,6.369731,6.375707,-0.005976,0.005976,58,59,58,59,545.8,577.9
504,6.502756,6.343855,0.158901,0.158901,62,59,62,59,513.1,578.9
505,6.400600,6.364497,0.036103,0.036103,61,58,61,58,514.1,579.9
506,6.420705,6.545479,-0.124774,0.124774,61,58,61,58,515.1,580.9
507,6.411162,6.412344,-0.001182,0.001182,60,57,60,57,516.1,581.9
508,6.310621,6.390898,-0.080277,0.080277,60,57,60,57,517.1,582.9
509,6.345712,6.701637,-0.355925,0.355925,60,57,60,57,518.1,583.9
510,6.385954,6.399809,-0.013855,0.013855,59,57,59,57,519.1,584.9
511,6.759008,6.353740,0.405268,0.405268,58,56,58,56,520.1,585.9
512,6.386997,6.476210,-0.089213,0.089213,57,55,57,55,522.1,586.9
513,6.310008,6.871553,-0.561545,0.561545,57,58,57,58,523.1,588.9
514,6.338853,6.417455,-0.078602,0.078602,56,57,56,57,524.1,589.9
515,7.075411,6.397206,0.678205,0.678205,60,57,60,57,526.1,590.9
516,7.431847,6.363579,1.068268,1.068268,60,57,60,57,527.1,591.9
517,6.414190,6.444244,-0.030054,0.030054,60,56,60,56,528.1,592.9
518,6.407950,6.406360,0.001590,0.001590,59,56,59,56,529.1,593.9
519,6.420422,6.369202,0.051220,0.051220,58,55,58,55,530.1,594.9
520,6.447607,6.392521,0.055086,0.055086,58,55,58,55,531.1,595.9
521,6.391647,6.366789,0.024858,0.024858,57,54,57,54,532.1,596.9
522,6.395657,6.419080,-0.023423,0.023423,56,57,56,57,533.1,598.9
523,6.326920,6.357197,-0.030277,0.030277,58,57,58,57,535.1,599.9
524,6.296031,6.362662,-0.066631,0.066631,57,56,57,56,536.1,600.9
525,6.349614,6.368980,-0.019366,0.019366,57,56,57,56,537.1,601.9
526,6.342324,6.371239,-0.028915,0.028915,56,57,56,57,538.1,603.9
527,6.395332,6.378036,0.017296,0.017296,65,58,65,58,541.1,605.9
528,6.383820,6.470309,-0.086489,0.086489,65,58,65,58,542.1,606.9
529,6.359248,6.403352,-0.044104,0.044104,64,57,64,57,543.1,607.9
530,6.341811,6.373667,-0.031856,0.031856,62,57,62,57,544.1,608.9
531,6.438297,6.350137,0.088160,0.088160,69,56,69,56,546.1,609.9
532,6.422371,6.376152,0.046219,0.046219,68,55,68,55,547.1,610.9
533,6.424866,6.378248,0.046618,0.046618,67,55,67,55,548.1,611.9
534,6.386044,6.458014,-0.071970,0.071970,66,55,66,55,549.1,612.9
535,6.389025,6.907642,-0.518617,0.518617,64,54,64,54,550.1,613.9
536,6.405879,6.717169,-0.311290,0.311290,66,54,66,54,552.1,614.9
537,6.404609,6.519835,-0.115226,0.115226,64,54,64,54,553.1,615.9
538,6.381981,6.422550,-0.040569,0.040569,62,54,62,54,554.1,616.9
539,6.385758,6.472044,-0.086286,0.086286,75,53,75,53,555.1,617.9
540,6.364977,6.478929,-0.113952,0.113952,74,53,74,53,556.1,618.9
541,6.363307,6.440956,-0.077649,0.077649,73,52,73,52,523.7,619.9
542,6.810729,6.479053,0.331676,0.331676,78,52,78,52,525.7,620.9
543,6.377245,6.454486,-0.077241,0.077241,77,52,77,52,526.7,621.9
544,6.351830,6.466876,-0.115046,0.115046,75,54,75,54,527.7,623.9
545,6.359888,6.444962,-0.085074,0.085074,74,54,74,54,528.7,624.9
546,6.347698,6.435176,-0.087478,0.087478,73,54,73,54,529.7,625.9
547,6.349165,6.469440,-0.120275,0.120275,73,53,73,53,530.7,626.9
548,6.330374,6.453003,-0.122629,0.122629,73,53,73,53,531.7,627.9
549,6.352503,6.473806,-0.121303,0.121303,71,52,71,52,533.0,628.9
550,6.344634,6.534298,-0.189664,0.189664,71,51,71,51,534.0,629.9
551,6.361857,6.467309,-0.105452,0.105452,70,54,70,54,534.4,631.9
552,6.833298,6.446207,0.387091,0.387091,69,54,69,54,534.4,632.9
553,6.397544,6.428480,-0.030936,0.030936,66,53,66,53,536.6,633.9
554,6.353031,6.380936,-0.027905,0.027905,66,53,66,53,537.6,634.9
555,6.374840,6.394154,-0.019314,0.019314,65,52,65,52,537.9,635.9
556,6.397568,6.510802,-0.113234,0.113234,64,56,64,56,541.5,637.9
557,6.338026,6.410686,-0.072660,0.072660,64,56,64,56,542.5,638.9
558,6.380376,6.405331,-0.024955,0.024955,63,55,63,55,542.8,639.9
559,6.339301,6.446470,-0.107169,0.107169,62,55,62,55,564.7,640.9
560,6.343391,6.373040,-0.029649,0.029649,72,54,72,54,546.7,641.9
561,6.305396,6.423000,-0.117604,0.117604,72,54,72,54,547.7,642.9
562,6.336462,6.383548,-0.047086,0.047086,72,53,72,53,548.7,643.9
563,6.338977,6.401944,-0.062967,0.062967,71,52,71,52,549.7,644.9
564,6.293452,6.369177,-0.075725,0.075725,71,52,71,52,550.7,645.9
565,6.369907,6.421687,-0.051780,0.051780,70,52,70,52,551.7,646.9
566,6.373110,6.414153,-0.041043,0.041043,69,52,69,52,552.7,647.9
567,6.351728,6.390658,-0.038930,0.038930,67,51,67,51,553.7,648.9
568,6.915675,8.676910,-1.761235,1.761235,66,51,66,51,554.7,649.9
569,6.349984,8.003005,-1.653021,1.653021,65,51,65,51,555.7,650.9
570,6.417066,7.993206,-1.576140,1.576140,64,50,64,50,556.7,651.9
571,6.360686,7.958659,-1.597973,1.597973,63,50,63,50,557.7,652.9
572,6.428756,7.965124,-1.536368,1.536368,70,50,70,50,559.7,653.9
573,6.399150,8.296265,-1.897115,1.897115,70,49,70,49,560.7,654.9
574,6.500140,8.042726,-1.542586,1.542586,69,58,69,58,561.7,657.9
575,6.401201,8.128163,-1.726962,1.726962,68,57,68,57,562.7,658.9
576,6.386873,8.080076,-1.693203,1.693203,67,56,67,56,563.7,659.9
577,6.370020,8.053077,-1.683057,1.683057,66,55,66,55,564.7,660.9
578,6.493067,8.071097,-1.578030,1.578030,65,54,65,54,565.7,661.9
579,6.373382,8.040995,-1.667613,1.667613,64,51,64,51,525.8,662.9
580,6.383391,8.005323,-1.621932,1.621932,70,62,70,62,527.8,664.9
581,6.470358,8.108327,-1.637969,1.637969,69,61,69,61,528.8,665.9
582,6.877437,8.039318,-1.161881,1.161881,69,61,69,61,529.8,666.9
583,6.445472,8.121056,-1.675584,1.675584,68,60,68,60,530.8,667.9
584,6.372419,8.059901,-1.687482,1.687482,67,59,67,59,531.8,668.9
585,6.336440,8.111274,-1.774834,1.774834,67,59,67,59,532.8,669.9
586,6.412257,8.028071,-1.615814,1.615814,66,59,66,59,533.8,670.9
587,8.097600,8.094518,0.003082,0.003082,70,58,70,58,535.8,671.9
588,8.101303,8.025733,0.075570,0.075570,69,58,69,58,536.8,672.9
589,8.025955,8.002424,0.023531,0.023531,69,58,69,58,537.8,673.9
590,8.060157,8.039730,0.020427,0.020427,68,57,68,57,538.8,674.9
591,8.006404,7.987404,0.019000,0.019000,68,57,68,57,539.8,675.9
592,7.977458,8.051360,-0.073902,0.073902,67,57,67,57,540.8,676.9
593,8.051989,8.072608,-0.020619,0.020619,65,56,65,56,503.8,677.9
594,8.182651,8.069622,0.113029,0.113029,69,56,69,56,505.8,678.9
595,8.109520,8.052650,0.056870,0.056870,67,56,67,56,506.8,679.9
596,8.367200,7.985920,0.381280,0.381280,79,56,79,56,507.8,680.9
597,8.103923,8.023106,0.080817,0.080817,79,56,79,56,509.8,681.9
598,8.148234,6.410334,1.737900,1.737900,79,60,79,60,510.8,684.9
599,7.980950,6.470790,1.510160,1.510160,76,59,76,59,511.8,685.9
600,8.075126,6.411789,1.663337,1.663337,75,59,75,59,512.8,686.9
601,7.655075,6.381256,1.273819,1.273819,71,58,71,58,438.5,649.3
602,6.399311,6.425530,-0.026219,0.026219,80,63,80,63,440.4,651.3
603,6.291809,6.410874,-0.119065,0.119065,88,67,88,67,441.4,653.3
604,6.355463,6.403913,-0.048450,0.048450,88,66,88,66,442.4,654.3
605,6.400506,6.399639,0.000867,0.000867,88,72,88,72,443.4,621.6
606,6.386944,6.369582,0.017362,0.017362,87,72,87,72,444.4,622.6
607,6.337386,6.395646,-0.058260,0.058260,84,72,84,72,446.4,623.6
608,6.426578,6.399885,0.026693,0.026693,91,71,91,71,455.0,624.6
609,6.331114,6.371082,-0.039968,0.039968,88,71,88,71,456.0,625.6
610,6.324716,6.403492,-0.078776,0.078776,87,70,87,70,457.0,626.6
611,6.324074,6.362483,-0.038409,0.038409,86,70,86,70,458.0,627.6
612,6.313616,6.330475,-0.016859,0.016859,83,69,83,69,459.0,628.6
613,6.301643,6.339165,-0.037522,0.037522,82,69,82,69,449.6,629.6
614,6.333511,6.382299,-0.048788,0.048788,82,68,82,68,450.6,630.6
615,6.382601,6.387605,-0.005004,0.005004,81,67,81,67,451.6,631.6
616,6.380885,6.364049,0.016836,0.016836,79,66,79,66,452.6,632.6
617,6.374223,6.407563,-0.033340,0.033340,79,64,79,64,453.6,633.6
618,6.365562,6.897835,-0.532273,0.532273,78,69,78,69,454.6,636.6
619,6.363424,6.383305,-0.019881,0.019881,76,69,76,69,462.0,637.6
620,6.375322,6.361342,0.013980,0.013980,76,68,76,68,464.0,638.6
621,6.345961,6.368666,-0.022705,0.022705,75,68,75,68,465.0,639.6
622,8.858591,6.404692,2.453899,2.453899,74,67,74,67,466.0,599.9
623,6.345992,6.459960,-0.113968,0.113968,73,70,73,70,468.0,601.9
624,6.322070,6.443127,-0.121057,0.121057,73,68,73,68,469.0,568.6
625,6.322813,6.396547,-0.073734,0.073734,72,68,72,68,470.0,569.6
626,6.334125,6.366659,-0.032534,0.032534,70,81,70,81,465.4,570.6
627,6.442390,6.417747,0.024643,0.024643,76,91,76,91,467.4,571.6
628,6.543120,6.459665,0.083455,0.083455,75,89,75,89,468.4,572.6
629,6.401570,6.395602,0.005968,0.005968,75,87,75,87,470.4,573.6
630,6.425740,6.338594,0.087146,0.087146,75,84,75,84,471.4,574.6
631,6.325905,6.354490,-0.028585,0.028585,74,83,74,83,472.4,575.6
632,6.352351,6.367155,-0.014804,0.014804,72,82,72,82,473.4,576.6
633,6.373950,6.356233,0.017717,0.017717,81,80,81,80,475.4,577.6
634,6.440454,6.310134,0.130320,0.130320,79,79,79,79,476.4,578.6
635,6.416071,6.348203,0.067868,0.067868,77,94,77,94,477.4,580.6
636,6.368641,6.307503,0.061138,0.061138,76,89,76,89,478.4,581.6
637,6.330060,6.449441,-0.119381,0.119381,76,87,76,87,479.4,582.6
638,6.355882,6.358529,-0.002647,0.002647,76,90,76,90,480.4,585.6
639,6.294901,6.366146,-0.071245,0.071245,74,89,74,89,481.4,586.6
640,6.327564,6.398703,-0.071139,0.071139,73,88,73,88,482.4,587.6
641,6.409686,6.361883,0.047803,0.047803,72,87,72,87,483.4,588.6
642,6.360485,6.406456,-0.045971,0.045971,71,85,71,85,484.4,589.6
643,6.343976,6.347666,-0.003690,0.003690,71,83,71,83,485.4,590.6
644,6.489915,6.315803,0.174112,0.174112,76,82,76,82,488.4,592.6
645,6.497200,6.344780,0.152420,0.152420,81,80,81,80,490.4,593.6
646,6.451840,6.368035,0.083805,0.083805,80,79,80,79,491.4,594.6
647,6.391375,6.337640,0.053735,0.053735,78,77,78,77,492.4,595.6
648,6.325609,6.419790,-0.094181,0.094181,82,79,82,79,469.2,597.6
649,6.343574,6.415020,-0.071446,0.071446,81,78,81,78,470.2,598.6
650,6.372149,6.368107,0.004042,0.004042,80,76,80,76,471.2,599.6
651,6.368000,6.437019,-0.069019,0.069019,78,75,78,75,472.2,600.6
652,6.344773,6.379777,-0.035004,0.035004,76,74,76,74,475.1,601.6
653,6.319585,6.440891,-0.121306,0.121306,73,74,73,74,475.3,602.6
654,6.372907,6.459828,-0.086921,0.086921,73,72,73,72,477.3,603.6
655,6.493930,6.438446,0.055484,0.055484,82,81,82,81,479.3,565.6
656,6.358149,6.339862,0.018287,0.018287,85,79,85,79,480.3,566.6
657,6.465728,6.364299,0.101429,0.101429,84,78,84,78,481.3,567.6
658,7.172919,6.455409,0.717510,0.717510,82,76,82,76,482.3,568.6
659,6.488410,6.416122,0.072288,0.072288,79,75,79,75,483.3,569.6
660,6.415331,6.405446,0.009885,0.009885,83,93,83,93,485.3,531.7
661,6.426188,6.368081,0.058107,0.058107,80,97,80,97,486.3,532.7
662,6.334344,6.380108,-0.045764,0.045764,85,97,85,97,488.3,534.7
663,6.393502,6.417463,-0.023961,0.023961,83,100,83,100,489.3,536.7
664,6.448103,6.543322,-0.095219,0.095219,81,99,81,99,490.3,538.7
665,6.355765,6.436262,-0.080497,0.080497,80,103,80,103,491.3,540.7
666,6.350832,6.434800,-0.083968,0.083968,79,102,79,102,492.3,541.7
667,6.334420,6.414868,-0.080448,0.080448,79,100,79,100,494.3,542.7
668,6.412459,6.373624,0.038835,0.038835,79,98,79,98,495.3,543.7
669,6.424397,6.369639,0.054758,0.054758,78,95,78,95,496.3,544.7
670,6.410697,6.357212,0.053485,0.053485,78,95,78,95,497.3,545.7
671,6.424465,6.383176,0.041289,0.041289,76,95,76,95,498.3,546.7
672,6.440561,6.332030,0.108531,0.108531,81,93,81,93,501.3,547.7
673,6.347931,6.373851,-0.025920,0.025920,80,92,80,92,502.3,548.7
674,6.365715,7.109442,-0.743727,0.743727,79,91,79,91,503.3,549.7
675,6.325627,6.440322,-0.114695,0.114695,77,89,77,89,504.3,550.7
676,6.357502,6.403121,-0.045619,0.045619,75,88,75,88,505.3,551.7
677,6.408390,6.369493,0.038897,0.038897,74,89,74,89,507.3,553.7
678,6.391572,6.451155,-0.059583,0.059583,73,87,73,87,508.3,556.7
679,6.358855,6.400233,-0.041378,0.041378,72,86,72,86,509.3,557.7
680,6.330974,6.447227,-0.116253,0.116253,72,84,72,84,510.3,558.7
681,6.407531,6.368222,0.039309,0.039309,72,83,72,83,511.3,559.7
682,6.441999,6.375041,0.066958,0.066958,71,83,71,83,512.3,561.7
683,6.396766,6.362158,0.034608,0.034608,69,82,69,82,513.3,563.7
684,6.346487,6.322138,0.024349,0.024349,82,81,82,81,515.3,564.7
685,6.365035,6.375003,-0.009968,0.009968,81,80,81,80,516.3,565.7
686,6.668674,6.382059,0.286615,0.286615,79,79,79,79,517.3,566.7
687,6.485176,6.432006,0.053170,0.053170,78,79,78,79,518.3,567.7
688,6.422806,6.354825,0.067981,0.067981,77,78,77,78,519.3,568.7
689,6.376278,6.402346,-0.026068,0.026068,76,79,76,79,520.3,570.7
690,6.362259,6.379692,-0.017433,0.017433,74,77,74,77,521.3,571.7
691,6.529531,6.342995,0.186536,0.186536,72,82,72,82,522.3,535.4
692,6.375647,6.380334,-0.004687,0.004687,80,82,80,82,525.3,537.4
693,8.767620,6.388349,2.379271,2.379271,80,81,80,81,526.3,538.4
694,6.444734,6.376966,0.067768,0.067768,80,80,80,80,527.3,539.4
695,6.409425,6.333281,0.076144,0.076144,80,79,80,79,528.3,540.4
696,6.368479,6.348427,0.020052,0.020052,80,76,80,76,529.3,541.4
697,6.347775,6.373193,-0.025418,0.025418,78,79,78,79,530.3,543.4
698,6.359792,6.379904,-0.020112,0.020112,78,78,78,78,531.3,544.4
699,6.368983,6.395517,-0.026534,0.026534,77,76,77,76,532.3,545.4
700,6.427996,6.612514,-0.184518,0.184518,77,76,77,76,533.3,546.4
701,6.516005,6.556641,-0.040636,0.040636,77,76,77,76,534.3,547.4
702,6.406757,6.481682,-0.074925,0.074925,77,75,77,75,535.3,548.4
703,6.337622,6.392457,-0.054835,0.054835,76,74,76,74,536.3,549.4
704,6.391863,6.361523,0.030340,0.030340,74,70,74,70,537.3,510.1
705,6.371124,6.341326,0.029798,0.029798,73,82,73,82,538.3,512.1
706,6.353682,6.613388,-0.259706,0.259706,72,91,72,91,539.3,513.1
707,8.699321,9.222130,-0.522809,0.522809,71,91,71,91,540.3,514.1
708,7.957494,6.418154,1.539340,1.539340,70,90,70,90,541.3,515.1
709,8.009195,6.393198,1.615997,1.615997,70,89,70,89,542.3,516.1
710,8.022040,6.419866,1.602174,1.602174,70,88,70,88,543.3,517.1
711,8.028765,6.434316,1.594449,1.594449,70,86,70,86,544.3,518.1
712,7.964830,6.414137,1.550693,1.550693,68,85,68,85,545.3,519.1
713,8.029637,6.432097,1.597540,1.597540,68,84,68,84,547.3,520.1
714,8.060083,6.320993,1.739090,1.739090,67,83,67,83,548.3,521.1
715,8.146827,6.338654,1.808173,1.808173,67,82,67,82,549.3,514.4
716,7.918761,6.356700,1.562061,1.562061,64,84,64,84,550.3,512.8
717,7.942147,6.325335,1.616812,1.616812,73,83,73,83,552.3,513.8
718,7.914207,6.382359,1.531848,1.531848,73,81,73,81,553.3,517.2
719,7.936458,6.332346,1.604112,1.604112,73,80,73,80,554.3,518.2
720,7.926853,6.340581,1.586272,1.586272,73,79,73,79,555.3,524.7
721,7.973847,6.332719,1.641128,1.641128,73,77,73,77,556.3,525.7
722,8.067144,6.375017,1.692127,1.692127,73,79,73,79,557.3,527.7
723,6.952663,6.307918,0.644745,0.644745,73,78,73,78,558.3,529.7
724,6.362420,6.308124,0.054296,0.054296,73,77,73,77,559.3,530.7
725,6.382352,6.382571,-0.000219,0.000219,73,77,73,77,560.3,531.7
726,6.349639,6.318916,0.030723,0.030723,73,77,73,77,561.3,532.7
727,6.338311,6.298215,0.040096,0.040096,72,75,72,75,562.3,533.6
728,6.340992,6.318828,0.022164,0.022164,71,75,71,75,563.3,534.6
729,6.497714,6.338929,0.158785,0.158785,68,75,68,75,564.3,536.6
730,6.331562,6.304526,0.027036,0.027036,68,74,68,74,566.3,537.6
731,6.334857,6.311675,0.023182,0.023182,68,72,68,72,568.3,538.6
732,6.327853,6.365510,-0.037657,0.037657,67,81,67,81,569.3,540.6
733,6.378997,6.396045,-0.017048,0.017048,67,92,67,92,570.3,541.6
734,6.314118,6.380935,-0.066817,0.066817,66,87,66,87,571.3,488.5
735,6.803467,6.334294,0.469173,0.469173,64,90,64,90,572.3,490.5
736,6.377323,6.569185,-0.191862,0.191862,69,98,69,98,574.3,491.5
737,6.369962,6.967234,-0.597272,0.597272,69,96,69,96,575.3,492.5
738,6.379395,7.609040,-1.229645,1.229645,68,97,68,97,567.6,493.5
739,6.340300,7.002563,-0.662263,0.662263,68,96,68,96,568.6,495.4
740,6.347389,7.121364,-0.773975,0.773975,68,96,68,96,569.6,496.4
741,6.443326,7.070868,-0.627542,0.627542,68,95,68,95,570.6,497.5
742,6.395909,6.789286,-0.393377,0.393377,68,91,68,91,571.6,499.2
743,6.390919,6.738643,-0.347724,0.347724,68,90,68,90,572.6,500.6
744,6.397877,7.067586,-0.669709,0.669709,68,89,68,89,573.6,500.6
745,6.324564,6.520035,-0.195471,0.195471,67,88,67,88,522.4,501.6
746,6.349632,6.335989,0.013643,0.013643,67,87,67,87,523.4,502.6
747,6.340184,6.330206,0.009978,0.009978,65,85,65,85,527.2,502.9
748,6.331782,7.928343,-1.596561,1.596561,64,94,64,94,528.4,504.9
749,6.388838,7.912275,-1.523437,1.523437,63,93,63,93,533.7,505.9
750,6.329316,7.904753,-1.575437,1.575437,64,90,64,90,534.7,506.9
751,6.341901,7.872286,-1.530385,1.530385,63,87,63,87,535.7,507.9
752,6.367627,7.889956,-1.522329,1.522329,63,87,63,87,536.7,508.9
753,6.366048,7.936999,-1.570951,1.570951,63,87,63,87,537.7,509.9
754,6.392352,7.951641,-1.559289,1.559289,63,86,63,86,538.7,510.9
755,6.591138,7.993704,-1.402566,1.402566,63,86,63,86,539.7,511.9
756,6.363109,8.000221,-1.637112,1.637112,62,86,62,86,540.7,512.9
757,6.336950,7.920664,-1.583714,1.583714,62,85,62,85,541.7,513.9
758,6.289802,7.874891,-1.585089,1.585089,62,84,62,84,542.7,515.9
759,6.275720,7.874209,-1.598489,1.598489,62,81,62,81,543.7,516.9
760,6.311574,7.938472,-1.626898,1.626898,62,92,62,92,544.7,518.9
761,6.290841,7.838405,-1.547564,1.547564,62,91,62,91,545.7,519.9
762,6.325661,7.902639,-1.576978,1.576978,61,89,61,89,546.7,520.9
763,6.305858,7.979192,-1.673334,1.673334,63,87,63,87,548.7,521.9
764,6.335241,7.875723,-1.540482,1.540482,62,84,62,84,549.7,522.9
765,6.440526,7.943459,-1.502933,1.502933,62,86,62,86,550.7,515.9
766,6.406859,7.986470,-1.579611,1.579611,61,84,61,84,551.7,516.9
767,6.369651,8.041561,-1.671910,1.671910,61,88,61,88,552.7,518.9
768,6.428668,7.979730,-1.551062,1.551062,61,87,61,87,553.7,520.9
769,6.460951,7.933015,-1.472064,1.472064,61,86,61,86,554.7,521.9
770,6.450330,7.876619,-1.426289,1.426289,61,85,61,85,555.7,522.9
771,8.592944,7.950980,0.641964,0.641964,61,83,61,83,556.7,523.9
772,8.020832,7.944191,0.076641,0.076641,61,81,61,81,557.7,524.8
773,7.953626,7.962631,-0.009005,0.009005,60,80,60,80,558.7,525.8
774,7.982076,7.913423,0.068653,0.068653,64,80,64,80,560.7,526.8
775,7.997428,7.876789,0.120639,0.120639,63,80,63,80,561.7,527.8
776,7.968786,7.817787,0.150999,0.150999,62,79,62,79,562.7,528.8
777,9.293108,7.841565,1.451543,1.451543,63,77,63,77,564.7,532.6
778,6.383651,7.870331,-1.486680,1.486680,62,76,62,76,565.7,533.6
779,6.454486,8.195887,-1.741401,1.741401,65,76,65,76,566.7,534.6
780,6.377602,7.887700,-1.510098,1.510098,63,75,63,75,567.7,538.9
781,6.439099,7.862826,-1.423727,1.423727,62,75,62,75,568.7,539.9
782,6.321325,7.870352,-1.549027,1.549027,61,75,61,75,569.7,540.9
783,6.319230,7.845052,-1.525822,1.525822,61,74,61,74,570.7,541.9
784,6.534943,7.918987,-1.384044,1.384044,64,74,64,74,572.7,542.9
785,6.352305,8.022468,-1.670163,1.670163,64,73,64,73,573.7,543.9
786,6.332158,7.118280,-0.786122,0.786122,62,72,62,72,574.7,546.9
787,6.318100,6.312105,0.005995,0.005995,60,72,60,72,575.7,547.9
788,6.347593,6.281705,0.065888,0.065888,60,71,60,71,576.7,548.9
789,6.344663,6.291541,0.053122,0.053122,59,70,59,70,577.7,549.9
790,6.412616,6.349216,0.063400,0.063400,63,69,63,69,579.7,550.9
791,6.336596,6.267753,0.068843,0.068843,69,69,69,69,580.7,505.1
792,6.467814,6.254422,0.213392,0.213392,66,75,66,75,581.7,507.1
793,6.452628,6.292774,0.159854,0.159854,65,75,65,75,582.7,508.1
794,6.368857,6.312251,0.056606,0.056606,63,75,63,75,583.7,509.1
795,6.343919,6.347482,-0.003563,0.003563,66,74,66,74,586.7,510.1
796,6.334750,6.359721,-0.024971,0.024971,64,74,64,74,587.7,511.1
797,6.416582,6.333832,0.082750,0.082750,68,73,68,73,589.7,512.1
798,6.363157,6.289208,0.073949,0.073949,65,75,65,75,590.7,514.1
799,6.373324,6.295273,0.078051,0.078051,73,74,73,74,592.7,515.1
800,6.423087,6.289321,0.133766,0.133766,72,76,72,76,593.7,498.4
801,6.442563,6.319445,0.123118,0.123118,71,74,71,74,594.7,499.4
802,6.543615,6.326368,0.217247,0.217247,69,73,69,73,595.7,509.7
803,6.407638,6.992442,-0.584804,0.584804,68,72,68,72,596.7,510.7
804,6.363577,6.343791,0.019786,0.019786,65,71,65,71,597.7,505.0
805,6.529898,6.322107,0.207791,0.207791,70,71,70,71,598.7,506.0
806,6.425246,6.337617,0.087629,0.087629,68,70,68,70,599.7,507.0
807,6.376992,6.348479,0.028513,0.028513,67,70,67,70,600.7,495.2
808,6.333857,6.282971,0.050886,0.050886,67,77,67,77,601.7,497.2
809,6.371283,6.336525,0.034758,0.034758,67,78,67,78,602.7,498.2
810,6.351293,6.604972,-0.253679,0.253679,66,77,66,77,603.7,499.2
811,7.015696,6.414082,0.601614,0.601614,66,75,66,75,604.7,500.2
812,6.964413,6.306715,0.657698,0.657698,65,90,65,90,605.7,501.2
813,6.422274,6.347203,0.075071,0.075071,62,89,62,89,565.6,502.2
814,6.533775,6.370105,0.163670,0.163670,73,88,73,88,568.6,503.2
815,6.467161,6.382437,0.084724,0.084724,72,85,72,85,569.6,504.2
816,6.354077,6.357492,-0.003415,0.003415,70,84,70,84,570.6,505.2
817,6.296896,6.325751,-0.028855,0.028855,73,82,73,82,571.6,506.2
818,6.429599,6.335724,0.093875,0.093875,71,90,71,90,572.6,427.2
819,6.296152,6.319242,-0.023090,0.023090,71,89,71,89,573.6,428.2
820,6.382637,6.324212,0.058425,0.058425,69,99,69,99,574.6,429.2
821,6.371058,6.332624,0.038434,0.038434,68,99,68,99,575.6,430.2
822,6.333236,6.404928,-0.071692,0.071692,67,98,67,98,576.6,431.2
823,6.318895,6.313940,0.004955,0.004955,67,95,67,95,577.6,422.5
824,6.268359,9.736800,-3.468441,3.468441,66,96,66,96,578.6,424.5
825,6.331759,8.039379,-1.707620,1.707620,65,94,65,94,579.6,425.5
826,6.317628,7.959585,-1.641957,1.641957,65,101,65,101,580.6,426.5
827,6.296832,8.012989,-1.716157,1.716157,63,102,63,102,581.6,428.5
828,6.368828,7.994584,-1.625756,1.625756,63,99,63,99,582.6,429.5
829,6.333398,7.963528,-1.630130,1.630130,63,99,63,99,583.6,430.5
830,6.387814,7.996712,-1.608898,1.608898,62,98,62,98,584.6,432.5
831,6.349672,7.981392,-1.631720,1.631720,62,96,62,96,585.6,433.5
832,6.314704,8.010613,-1.695909,1.695909,60,95,60,95,586.6,434.5
833,6.458241,7.983491,-1.525250,1.525250,58,94,58,94,536.0,435.5
834,6.341047,7.995144,-1.654097,1.654097,69,93,69,93,538.0,436.5
835,6.278346,8.038892,-1.760546,1.760546,66,93,66,93,539.0,437.5
836,6.348151,8.021379,-1.673228,1.673228,72,91,72,91,541.0,438.5
837,6.377999,8.034561,-1.656562,1.656562,71,91,71,91,542.0,439.5
838,6.301348,8.019629,-1.718281,1.718281,74,89,74,89,543.0,440.5
839,6.479446,7.996075,-1.516629,1.516629,73,87,73,87,545.0,441.5
840,6.291196,7.978301,-1.687105,1.687105,72,86,72,86,546.0,442.5
841,6.296434,7.961781,-1.665347,1.665347,70,86,70,86,547.0,444.5
842,6.335986,7.384146,-1.048160,1.048160,70,85,70,85,548.0,446.5
843,6.345253,6.883926,-0.538673,0.538673,70,83,70,83,549.0,431.9
844,6.334655,6.479678,-0.145023,0.145023,72,86,72,86,521.7,433.9
845,6.293758,6.392430,-0.098672,0.098672,78,85,78,85,522.7,434.9
846,6.887211,6.384809,0.502402,0.502402,78,83,78,83,509.4,435.9
847,6.386418,6.427436,-0.041018,0.041018,77,85,77,85,506.4,437.9
848,6.286284,6.391435,-0.105151,0.105151,75,83,75,83,508.1,438.9
849,6.343077,6.325056,0.018021,0.018021,74,91,74,91,509.6,440.9
850,6.311764,6.436275,-0.124511,0.124511,73,92,73,92,509.2,387.5
851,6.290907,8.369478,-2.078571,2.078571,72,91,72,91,510.6,388.5
852,6.331926,8.093195,-1.761269,1.761269,76,91,76,91,497.4,389.5
853,6.331136,8.090297,-1.759161,1.759161,73,99,73,99,498.4,390.5
854,6.374429,8.095521,-1.721092,1.721092,72,97,72,97,499.4,391.5
855,6.377183,7.989386,-1.612203,1.612203,71,95,71,95,502.2,392.5
856,6.391613,8.081967,-1.690354,1.690354,69,93,69,93,504.9,393.5
857,6.315756,8.110136,-1.794380,1.794380,67,92,67,92,509.9,394.5
858,6.350012,8.063660,-1.713648,1.713648,77,91,77,91,511.9,395.5
859,6.262260,8.072273,-1.810013,1.810013,75,90,75,90,512.9,396.5
860,6.278109,8.024650,-1.746541,1.746541,77,90,77,90,513.9,397.5
861,6.295334,8.028878,-1.733544,1.733544,75,89,75,89,514.9,346.9
862,6.315217,8.049569,-1.734352,1.734352,73,96,73,96,515.9,293.8
863,6.298767,8.133755,-1.834988,1.834988,72,96,72,96,516.9,294.8
864,6.340056,8.021307,-1.681251,1.681251,71,96,71,96,517.9,295.8
865,6.334973,8.007247,-1.672274,1.672274,71,95,71,95,518.9,294.9
866,6.520514,8.061239,-1.540725,1.540725,70,100,70,100,519.9,295.9
867,6.310522,8.140568,-1.830046,1.830046,70,98,70,98,520.9,297.9
868,6.361981,8.294481,-1.932500,1.932500,67,98,67,98,503.6,298.9
869,6.292006,8.164161,-1.872155,1.872155,71,98,71,98,505.6,299.9
870,6.317666,8.153876,-1.836210,1.836210,69,96,69,96,506.6,300.9
871,6.326239,8.167303,-1.841064,1.841064,68,101,68,101,507.6,310.8
872,6.338095,8.093980,-1.755885,1.755885,67,100,67,100,508.6,311.8
873,6.337730,8.103845,-1.766115,1.766115,66,99,66,99,509.6,312.8
874,6.295313,8.434052,-2.138739,2.138739,64,96,64,96,501.9,313.8
875,6.337437,10.498932,-4.161495,4.161495,69,99,69,99,503.9,314.8
876,6.321270,8.138082,-1.816812,1.816812,68,98,68,98,504.9,315.8
877,6.383431,8.111042,-1.727611,1.727611,67,96,67,96,505.9,316.8
878,6.307325,8.064209,-1.756884,1.756884,66,96,66,96,506.9,317.8
879,6.325786,8.024396,-1.698610,1.698610,66,96,66,96,507.9,318.8
880,6.357546,8.058586,-1.701040,1.701040,65,96,65,96,508.9,319.8
881,6.356071,8.072900,-1.716829,1.716829,65,95,65,95,509.9,320.8
882,6.357004,8.125002,-1.767998,1.767998,64,95,64,95,510.9,321.8
883,6.336976,8.048002,-1.711026,1.711026,63,93,63,93,511.9,323.8
884,6.287397,8.137007,-1.849610,1.849610,63,99,63,99,512.9,325.8
885,6.402695,8.096424,-1.693729,1.693729,63,97,63,97,513.9,326.8
886,6.335943,8.091868,-1.755925,1.755925,62,105,62,105,517.5,329.8
887,6.359763,8.067502,-1.707739,1.707739,62,103,62,103,518.5,330.8
888,6.777273,8.019010,-1.241737,1.241737,62,102,62,102,519.5,331.8
889,6.406637,8.031592,-1.624955,1.624955,61,105,61,105,520.5,268.6
890,6.321409,8.033876,-1.712467,1.712467,61,109,61,109,521.5,270.6
891,6.307498,8.162392,-1.854894,1.854894,59,113,59,113,516.2,271.6
892,6.334515,8.021785,-1.687270,1.687270,69,113,69,113,495.9,272.6
893,6.311927,7.994520,-1.682593,1.682593,71,112,71,112,496.9,273.6
894,6.322041,8.000386,-1.678345,1.678345,70,112,70,112,497.9,274.6
895,6.385041,7.931937,-1.546896,1.546896,69,112,69,112,498.9,275.6
896,6.296103,7.940815,-1.644712,1.644712,68,112,68,112,499.9,276.6
897,6.304841,8.033749,-1.728908,1.728908,68,112,68,112,500.9,277.6
898,6.319561,8.015191,-1.695630,1.695630,67,112,67,112,501.9,278.6
899,6.317057,7.965388,-1.648331,1.648331,66,112,66,112,502.9,279.6
900,6.296421,7.997983,-1.701562,1.701562,65,111,65,111,503.9,280.6
901,6.241608,7.984848,-1.743240,1.743240,63,109,63,109,504.9,281.6
902,6.428389,8.025547,-1.597158,1.597158,62,107,62,107,505.9,282.6
903,6.389642,8.042045,-1.652403,1.652403,61,107,61,107,507.8,283.6
904,6.382375,7.981437,-1.599062,1.599062,60,104,60,104,508.8,284.6
905,6.297526,8.036756,-1.739230,1.739230,60,103,60,103,509.8,285.6
906,6.357483,7.935160,-1.577677,1.577677,59,101,59,101,510.8,286.6
907,6.365007,7.981135,-1.616128,1.616128,66,102,66,102,513.8,286.1
908,6.338636,8.044865,-1.706229,1.706229,65,102,65,102,514.8,288.1
909,6.340587,8.306280,-1.965693,1.965693,65,100,65,100,515.8,282.2
910,6.329843,8.068102,-1.738259,1.738259,63,98,63,98,516.8,283.9
911,6.285459,8.016348,-1.730889,1.730889,65,98,65,98,518.8,285.9
912,7.424307,6.760328,0.663979,0.663979,65,97,65,97,519.8,286.9
913,6.382678,6.361742,0.020936,0.020936,64,96,64,96,520.8,287.9
914,6.399669,6.436298,-0.036629,0.036629,63,95,63,95,521.8,288.9
915,6.391077,6.411551,-0.020474,0.020474,62,95,62,95,522.8,289.9
916,6.375706,6.344370,0.031336,0.031336,61,94,61,94,523.8,290.9
917,6.360129,6.375868,-0.015739,0.015739,61,93,61,93,524.8,292.9
918,6.381073,6.370231,0.010842,0.010842,60,104,60,104,525.8,294.9
919,6.344917,6.390137,-0.045220,0.045220,59,103,59,103,526.8,295.9
920,6.341530,6.360461,-0.018931,0.018931,59,102,59,102,528.8,296.9
921,6.334582,6.421015,-0.086433,0.086433,58,99,58,99,529.8,297.9
922,6.305663,6.341235,-0.035572,0.035572,57,96,57,96,530.8,298.9
923,6.329003,6.453739,-0.124736,0.124736,60,100,60,100,532.8,301.9
924,6.339145,6.464784,-0.125639,0.125639,59,100,59,100,533.8,302.9
925,6.863744,6.386646,0.477098,0.477098,59,99,59,99,534.8,303.9
926,6.478084,6.406506,0.071578,0.071578,58,98,58,98,535.8,304.9
927,6.440738,6.529057,-0.088319,0.088319,57,97,57,97,536.8,305.2
928,6.374624,6.440014,-0.065390,0.065390,55,97,55,97,537.8,306.2
929,6.413122,6.327250,0.085872,0.085872,55,93,55,93,538.8,307.2
930,6.348777,6.522301,-0.173524,0.173524,54,108,54,108,582.1,352.2
931,6.299656,6.373124,-0.073468,0.073468,54,110,54,110,583.1,353.2
932,6.368307,6.406920,-0.038613,0.038613,54,109,54,109,584.1,354.2
933,6.435629,6.426266,0.009363,0.009363,53,109,53,109,585.9,355.2
934,6.416817,6.355134,0.061683,0.061683,53,109,53,109,586.9,356.2
935,6.301696,6.365300,-0.063604,0.063604,53,109,53,109,587.9,357.2
936,6.384165,6.396190,-0.012025,0.012025,53,109,53,109,588.9,358.2
937,6.395445,6.383813,0.011632,0.011632,53,109,53,109,589.9,359.2
938,6.421610,6.354058,0.067552,0.067552,51,109,51,109,601.1,360.2
939,6.359778,6.388174,-0.028396,0.028396,61,109,61,109,603.1,361.2
940,6.305036,6.358206,-0.053170,0.053170,60,109,60,109,604.1,362.2
941,6.368401,6.331841,0.036560,0.036560,60,108,60,108,605.1,363.2
942,6.380645,6.354336,0.026309,0.026309,59,106,59,106,606.1,364.2
943,6.319088,6.395262,-0.076174,0.076174,58,105,58,105,607.1,365.2
944,6.291044,6.343551,-0.052507,0.052507,57,102,57,102,608.1,366.2
945,6.380109,6.325098,0.055011,0.055011,56,101,56,101,609.1,367.2
946,6.323878,6.495671,-0.171793,0.171793,56,100,56,100,610.1,369.2
947,6.369547,6.430355,-0.060808,0.060808,55,99,55,99,611.1,370.2
948,6.340807,6.447284,-0.106477,0.106477,55,97,55,97,612.1,371.2
949,6.418350,6.399030,0.019320,0.019320,55,96,55,96,613.1,372.2
950,6.463398,6.526168,-0.062770,0.062770,54,95,54,95,614.1,373.2
951,6.306625,6.385695,-0.079070,0.079070,57,93,57,93,616.1,374.2
952,6.356982,6.414732,-0.057750,0.057750,56,92,56,92,617.1,375.2
953,6.371801,6.357628,0.014173,0.014173,55,91,55,91,589.3,376.2
954,6.380039,6.358986,0.021053,0.021053,59,90,59,90,591.3,377.2
955,6.368127,6.349130,0.018997,0.018997,59,89,59,89,592.3,378.2
956,6.494507,6.340927,0.153580,0.153580,58,88,58,88,593.3,334.5
957,6.353081,6.380205,-0.027124,0.027124,57,87,57,87,594.3,335.5
958,6.326119,6.424589,-0.098470,0.098470,56,86,56,86,595.3,337.5
959,6.383982,7.775297,-1.391315,1.391315,55,88,55,88,596.3,339.5
960,6.322019,8.121061,-1.799042,1.799042,55,87,55,87,597.3,340.5
961,6.347113,8.182101,-1.834988,1.834988,53,86,53,86,558.1,341.5
962,6.302318,8.063567,-1.761249,1.761249,61,85,61,85,560.1,343.5
963,6.338877,8.091998,-1.753121,1.753121,61,84,61,84,561.1,344.5
964,6.319517,8.107087,-1.787570,1.787570,61,84,61,84,562.1,345.5
965,6.386169,8.149678,-1.763509,1.763509,59,84,59,84,563.1,346.5
966,6.337469,8.048351,-1.710882,1.710882,59,84,59,84,564.1,347.5
967,7.546735,8.057194,-0.510459,0.510459,59,84,59,84,549.8,348.5
968,6.435852,8.146474,-1.710622,1.710622,59,84,59,84,550.8,349.5
969,6.374371,8.151937,-1.777566,1.777566,59,83,59,83,551.8,340.2
970,6.384849,8.066116,-1.681267,1.681267,59,83,59,83,552.8,341.2
971,6.370284,8.026885,-1.656601,1.656601,59,82,59,82,553.8,342.2
972,6.435182,6.611834,-0.176652,0.176652,59,82,59,82,554.8,343.2
973,6.433170,6.459905,-0.026735,0.026735,59,83,59,83,555.8,345.2
974,6.373419,6.467494,-0.094075,0.094075,59,82,59,82,556.8,346.2
975,6.335291,6.475691,-0.140400,0.140400,59,81,59,81,557.8,347.2
976,6.388263,6.458591,-0.070328,0.070328,58,81,58,81,562.6,348.2
977,6.414508,6.445045,-0.030537,0.030537,58,81,58,81,563.6,349.2
978,6.427969,6.410376,0.017593,0.017593,57,81,57,81,564.6,350.2
979,6.333101,6.392754,-0.059653,0.059653,57,81,57,81,565.6,388.4
980,6.318085,6.486990,-0.168905,0.168905,57,80,57,80,566.6,389.4
981,6.343062,6.461491,-0.118429,0.118429,54,79,54,79,565.6,350.0
982,6.309436,6.453153,-0.143717,0.143717,56,78,56,78,567.6,391.8
983,6.382286,6.428073,-0.045787,0.045787,55,78,55,78,568.6,393.8
984,6.340746,6.462609,-0.121863,0.121863,60,78,60,78,569.6,394.8
985,6.336010,6.407192,-0.071182,0.071182,58,78,58,78,570.6,395.8
986,6.403851,6.901612,-0.497761,0.497761,60,77,60,77,572.6,396.8
987,6.334814,6.518214,-0.183400,0.183400,63,77,63,77,573.6,397.8
988,6.401948,6.429882,-0.027934,0.027934,62,77,62,77,574.6,398.8
989,6.346141,6.457165,-0.111024,0.111024,61,77,61,77,575.6,399.8
990,6.411294,6.377719,0.033575,0.033575,60,77,60,77,576.6,400.8
991,6.425478,6.399113,0.026365,0.026365,59,77,59,77,577.6,401.8
992,6.451392,6.345057,0.106335,0.106335,59,77,59,77,578.6,402.8
993,6.372266,6.930462,-0.558196,0.558196,58,76,58,76,579.6,403.8
994,6.344854,6.406959,-0.062105,0.062105,58,75,58,75,580.6,404.8
995,6.436888,6.380123,0.056765,0.056765,58,75,58,75,581.6,405.8
996,6.353604,6.361835,-0.008231,0.008231,56,75,56,75,582.6,406.8
997,6.342935,6.445578,-0.102643,0.102643,61,74,61,74,584.6,407.8
998,6.313517,6.360964,-0.047447,0.047447,72,74,72,74,585.6,408.8
999,6.322820,6.361636,-0.038816,0.038816,69,74,69,74,586.6,409.8
1000,6.358440,6.323118,0.035322,0.035322,71,74,71,74,588.6,410.8
1001,6.290365,6.380746,-0.090381,0.090381,73,74,73,74,589.6,411.8
1002,6.623920,6.379779,0.244141,0.244141,72,73,72,73,590.6,412.8
1003,6.343886,6.325427,0.018459,0.018459,71,73,71,73,591.6,413.8
1004,6.367504,6.421110,-0.053606,0.053606,70,73,70,73,592.6,414.8
1005,6.271868,6.437234,-0.165366,0.165366,69,73,69,73,593.6,415.8
1006,6.288430,6.403027,-0.114597,0.114597,68,72,68,72,594.6,416.8
1007,6.254442,6.414474,-0.160032,0.160032,67,72,67,72,595.6,417.8
1008,6.271985,6.392974,-0.120989,0.120989,66,72,66,72,596.6,418.8
1009,6.275345,6.349721,-0.074376,0.074376,65,72,65,72,597.6,419.8
1010,6.273760,6.318934,-0.045174,0.045174,64,72,64,72,598.6,420.8
1011,6.285965,6.357602,-0.071637,0.071637,65,72,65,72,600.6,421.8
1012,6.772718,6.309634,0.463084,0.463084,64,72,64,72,601.6,422.8
1013,6.901532,6.364019,0.537513,0.537513,67,72,67,72,526.0,423.8
1014,6.373207,6.984029,-0.610822,0.610822,73,72,73,72,527.0,424.8
1015,6.338879,6.354048,-0.015169,0.015169,83,71,83,71,528.0,432.6
1016,6.298589,6.369325,-0.070736,0.070736,83,71,83,71,529.0,433.6
1017,6.327274,6.352248,-0.024974,0.024974,81,70,81,70,530.0,434.6
1018,6.359797,6.313190,0.046607,0.046607,80,70,80,70,531.0,435.6
1019,11.429793,6.367470,5.062323,5.062323,78,69,78,69,532.0,436.6
1020,6.282052,6.388298,-0.106246,0.106246,81,69,81,69,533.0,437.6
1021,6.312272,6.407739,-0.095467,0.095467,81,69,81,69,534.0,438.6
1022,6.280379,6.353407,-0.073028,0.073028,80,69,80,69,535.0,439.6
1023,6.298950,6.353833,-0.054883,0.054883,80,68,80,68,536.0,440.6
1024,6.300739,6.336292,-0.035553,0.035553,80,68,80,68,537.0,441.6
1025,6.270533,6.349852,-0.079319,0.079319,80,67,80,67,538.0,442.6
1026,6.317395,6.363665,-0.046270,0.046270,79,67,79,67,539.0,443.6
1027,6.257185,6.360548,-0.103363,0.103363,79,67,79,67,540.0,444.6
1028,6.322515,6.358443,-0.035928,0.035928,78,67,78,67,541.0,445.6
1029,6.335415,6.379444,-0.044029,0.044029,76,67,76,67,542.0,446.6
1030,6.294285,6.340463,-0.046178,0.046178,79,66,79,66,544.0,464.6
1031,6.327617,6.325437,0.002180,0.002180,79,66,79,66,545.0,465.6
1032,6.317404,6.401160,-0.083756,0.083756,79,66,79,66,546.0,466.6
1033,6.285369,6.378637,-0.093268,0.093268,79,65,79,65,547.0,467.6
1034,6.302213,6.377150,-0.074937,0.074937,79,65,79,65,548.0,468.6
1035,6.862798,6.358006,0.504792,0.504792,78,64,78,64,549.0,476.2
1036,6.397582,6.370215,0.027367,0.027367,78,64,78,64,550.0,477.2
1037,6.332984,6.990045,-0.657061,0.657061,78,64,78,64,551.0,478.2
1038,6.276943,6.459416,-0.182473,0.182473,76,64,76,64,552.0,479.2
1039,6.294443,6.509455,-0.215012,0.215012,76,63,76,63,553.0,480.2
1040,6.324122,6.495161,-0.171039,0.171039,76,63,76,63,554.0,481.2
1041,6.294231,6.423177,-0.128946,0.128946,75,62,75,62,555.0,482.2
1042,6.368793,6.502318,-0.133525,0.133525,75,62,75,62,556.0,483.2
1043,6.344415,6.472057,-0.127642,0.127642,75,62,75,62,557.0,484.2
1044,6.373488,6.420930,-0.047442,0.047442,74,62,74,62,558.0,485.2
1045,6.337576,6.486844,-0.149268,0.149268,74,61,74,61,559.0,487.2
1046,6.372840,6.512824,-0.139984,0.139984,73,61,73,61,560.0,488.2
1047,6.458499,6.461347,-0.002848,0.002848,72,61,72,61,561.0,489.2
1048,6.332736,6.489480,-0.156744,0.156744,76,60,76,60,497.3,490.2
1049,6.285483,6.495844,-0.210361,0.210361,75,60,75,60,498.3,491.2
1050,6.312043,6.448686,-0.136643,0.136643,74,60,74,60,501.5,492.2
1051,6.289616,6.461566,-0.171950,0.171950,74,60,74,60,503.5,493.2
1052,6.328368,6.524256,-0.195888,0.195888,74,60,74,60,504.5,494.2
1053,6.301205,6.420263,-0.119058,0.119058,74,60,74,60,505.5,495.2
1054,6.268270,6.478794,-0.210524,0.210524,74,60,74,60,506.5,497.2
1055,6.300088,6.447995,-0.147907,0.147907,74,60,74,60,507.5,498.2
1056,6.339045,6.568798,-0.229753,0.229753,74,59,74,59,508.5,499.2
1057,6.320748,6.413617,-0.092869,0.092869,72,59,72,59,509.5,500.2
1058,6.321256,6.469403,-0.148147,0.148147,72,59,72,59,510.5,501.2
1059,6.297943,6.417014,-0.119071,0.119071,71,59,71,59,511.5,502.2
1060,6.347892,6.407382,-0.059490,0.059490,71,66,71,66,512.5,505.2
1061,6.352661,6.485356,-0.132695,0.132695,71,65,71,65,513.5,506.2
1062,6.391717,6.432479,-0.040762,0.040762,70,65,70,65,514.5,507.2
1063,6.270741,6.470594,-0.199853,0.199853,70,64,70,64,516.5,508.2
1064,6.296264,6.520442,-0.224178,0.224178,69,64,69,64,517.5,509.2
1065,6.301437,6.502291,-0.200854,0.200854,69,64,69,64,518.5,510.2
1066,6.341088,6.519345,-0.178257,0.178257,68,64,68,64,519.5,511.2
1067,6.350827,6.415669,-0.064842,0.064842,67,63,67,63,517.4,512.2
1068,6.339944,6.555447,-0.215503,0.215503,67,63,67,63,518.4,513.2
1069,6.380676,6.476602,-0.095926,0.095926,67,62,67,62,519.4,514.2
1070,6.346212,6.467924,-0.121712,0.121712,67,62,67,62,520.4,515.2
1071,6.338590,6.495226,-0.156636,0.156636,66,62,66,62,521.4,516.2
1072,6.345256,6.487778,-0.142522,0.142522,66,62,66,62,522.4,517.2
1073,6.367613,6.455382,-0.087769,0.087769,66,62,66,62,523.4,518.2
1074,6.368863,7.181850,-0.812987,0.812987,65,61,65,61,524.4,519.2
1075,6.378420,6.580211,-0.201791,0.201791,65,61,65,61,525.4,520.2
1076,6.362324,6.479520,-0.117196,0.117196,64,61,64,61,526.4,521.2
1077,6.395602,6.463747,-0.068145,0.068145,64,60,64,60,527.4,522.2
1078,6.893140,6.439066,0.454074,0.454074,64,60,64,60,528.4,523.2
1079,6.377508,6.458172,-0.080664,0.080664,64,60,64,60,529.4,524.2
1080,6.308930,6.468680,-0.159750,0.159750,64,60,64,60,530.4,525.2
1081,6.400592,6.423260,-0.022668,0.022668,64,59,64,59,531.4,526.2
1082,6.347630,6.447402,-0.099772,0.099772,63,59,63,59,532.4,527.2
1083,6.354647,6.585272,-0.230625,0.230625,62,59,62,59,533.4,528.2
1084,6.323626,6.623782,-0.300156,0.300156,62,58,62,58,534.4,529.2
1085,6.370659,6.456799,-0.086140,0.086140,61,59,61,59,533.5,531.2
1086,6.391318,6.523000,-0.131682,0.131682,61,59,61,59,534.5,532.2
1087,6.417958,6.444534,-0.026576,0.026576,61,59,61,59,535.5,533.2
1088,6.359762,6.451065,-0.091303,0.091303,60,58,60,58,536.5,534.2
1089,6.343415,6.499893,-0.156478,0.156478,63,58,63,58,538.5,535.2
1090,6.314847,6.584854,-0.270007,0.270007,63,58,63,58,539.5,536.2
1091,6.298828,6.473569,-0.174741,0.174741,62,57,62,57,540.5,566.6
1092,6.342210,6.451608,-0.109398,0.109398,62,58,62,58,541.5,568.6
1093,6.330801,6.486828,-0.156027,0.156027,62,57,62,57,542.5,569.6
1094,6.357989,6.491433,-0.133444,0.133444,62,57,62,57,543.5,570.6
1095,6.301409,6.472175,-0.170766,0.170766,62,57,62,57,544.5,571.6
1096,6.425903,6.532267,-0.106364,0.106364,61,57,61,57,474.8,572.6
1097,6.352594,8.533186,-2.180592,2.180592,65,56,65,56,476.8,573.6
1098,6.352052,7.952108,-1.600056,1.600056,64,56,64,56,477.8,574.6
1099,6.345159,7.942374,-1.597215,1.597215,67,56,67,56,479.8,575.6
1100,6.314244,7.924383,-1.610139,1.610139,72,56,72,56,480.8,576.6
1101,6.316980,7.867195,-1.550215,1.550215,69,55,69,55,481.8,577.6
1102,6.297856,7.975595,-1.677739,1.677739,66,55,66,55,482.8,578.6
1103,6.367564,7.905041,-1.537477,1.537477,64,55,64,55,483.8,579.6
1104,6.355676,8.008521,-1.652845,1.652845,71,58,71,58,485.8,560.9
1105,6.370560,8.934508,-2.563948,2.563948,69,58,69,58,486.8,561.9
1106,6.336017,8.014672,-1.678655,1.678655,66,56,66,56,452.7,562.9
1107,6.424130,7.905448,-1.481318,1.481318,88,58,88,58,454.7,564.9
1108,6.353352,7.948760,-1.595408,1.595408,96,58,96,58,455.7,565.9
1109,6.843665,7.977210,-1.133545,1.133545,93,58,93,58,456.7,566.9
1110,6.421750,6.832629,-0.410879,0.410879,91,58,91,58,457.7,567.9
1111,6.385770,6.599880,-0.214110,0.214110,90,57,90,57,458.7,568.9
1112,6.301540,6.834113,-0.532573,0.532573,88,56,88,56,459.7,559.6
1113,6.300279,6.406892,-0.106613,0.106613,87,57,87,57,460.7,561.6
1114,6.333183,6.359694,-0.026511,0.026511,84,57,84,57,461.7,562.6
1115,6.361374,6.270289,0.091085,0.091085,91,57,91,57,463.7,563.6
1116,6.329735,6.299209,0.030526,0.030526,90,56,90,56,464.7,564.6
1117,6.433551,6.960722,-0.527171,0.527171,88,56,88,56,465.7,565.6
1118,6.491751,6.391104,0.100647,0.100647,87,56,87,56,440.2,566.6
1119,6.483606,6.304490,0.179116,0.179116,91,56,91,56,412.2,567.6
1120,6.358960,6.236246,0.122714,0.122714,92,55,92,55,413.2,571.9
1121,6.406369,6.288928,0.117441,0.117441,91,55,91,55,414.2,572.9
1122,6.414094,6.305467,0.108627,0.108627,90,55,90,55,415.2,573.9
1123,6.364469,6.270602,0.093867,0.093867,90,55,90,55,416.2,574.9
1124,6.345308,6.326075,0.019233,0.019233,90,55,90,55,417.2,575.9
1125,6.356812,6.386208,-0.029396,0.029396,90,54,90,54,418.2,576.9
1126,6.365972,6.315680,0.050292,0.050292,88,54,88,54,419.2,577.9
1127,6.364546,6.279298,0.085248,0.085248,88,54,88,54,421.2,578.9
1128,6.353684,6.357134,-0.003450,0.003450,87,54,87,54,422.2,579.9
1129,6.304810,6.363743,-0.058933,0.058933,87,53,87,53,423.2,593.4
1130,6.286666,6.272390,0.014276,0.014276,87,53,87,53,424.2,594.4
1131,6.342158,6.289783,0.052375,0.052375,85,53,85,53,425.2,595.4
1132,6.332870,6.269499,0.063371,0.063371,84,53,84,53,426.2,596.4
1133,6.361832,6.294353,0.067479,0.067479,84,52,84,52,427.2,614.2
1134,6.304314,6.266244,0.038070,0.038070,83,53,83,53,428.2,616.2
1135,6.363960,6.320734,0.043226,0.043226,82,53,82,53,430.2,617.2
1136,6.340114,6.263374,0.076740,0.076740,82,53,82,53,431.2,618.2
1137,6.342575,6.470375,-0.127800,0.127800,82,52,82,52,432.2,619.2
1138,6.312191,6.329967,-0.017776,0.017776,82,52,82,52,433.2,620.2
1139,6.322432,6.302799,0.019633,0.019633,82,52,82,52,434.2,621.2
1140,6.330755,6.290208,0.040547,0.040547,81,53,81,53,435.2,623.2
1141,6.318843,6.494871,-0.176028,0.176028,81,53,81,53,436.2,624.2
1142,6.342407,6.333179,0.009228,0.009228,81,52,81,52,437.2,625.2
1143,6.325368,6.273749,0.051619,0.051619,81,51,81,51,438.2,626.2
1144,6.306231,6.240973,0.065258,0.065258,80,52,80,52,439.2,628.2
1145,6.338606,6.298488,0.040118,0.040118,80,52,80,52,440.2,629.2
1146,6.298162,6.315076,-0.016914,0.016914,80,51,80,51,441.2,593.2
1147,6.316987,6.251031,0.065956,0.065956,80,54,80,54,442.2,595.2
1148,6.308394,6.401256,-0.092862,0.092862,80,54,80,54,443.2,596.2
1149,6.310993,6.299411,0.011582,0.011582,79,54,79,54,444.2,597.2
1150,6.371798,6.273679,0.098119,0.098119,79,54,79,54,445.2,598.2
1151,6.374267,6.258911,0.115356,0.115356,79,54,79,54,446.2,599.2
1152,6.312225,6.268542,0.043683,0.043683,79,53,79,53,447.2,600.2
1153,6.346722,6.241943,0.104779,0.104779,79,53,79,53,448.2,601.2
1154,6.293805,6.270952,0.022853,0.022853,79,53,79,53,449.2,602.2
1155,6.302012,6.306165,-0.004153,0.004153,79,53,79,53,450.2,603.2
1156,6.276393,6.250234,0.026159,0.026159,79,52,79,52,451.2,604.2
1157,6.275240,6.249140,0.026100,0.026100,77,52,77,52,432.8,605.2
1158,6.334720,6.311025,0.023695,0.023695,77,52,77,52,433.8,606.2
1159,6.339833,6.251156,0.088677,0.088677,77,51,77,51,434.8,607.2
1160,6.297739,6.344417,-0.046678,0.046678,77,52,77,52,435.8,609.2
1161,6.353329,6.306070,0.047259,0.047259,77,52,77,52,436.8,610.2
1162,6.331363,6.291859,0.039504,0.039504,76,51,76,51,437.8,611.2
1163,6.330845,6.275217,0.055628,0.055628,75,51,75,51,438.8,612.2
1164,6.337964,6.313476,0.024488,0.024488,75,51,75,51,439.8,613.2
1165,6.328809,6.302627,0.026182,0.026182,75,50,75,50,440.8,614.2
1166,6.337518,6.277918,0.059600,0.059600,75,50,75,50,441.8,615.2
1167,6.341602,6.278686,0.062916,0.062916,75,50,75,50,442.8,616.2
1168,6.318317,6.321726,-0.003409,0.003409,75,50,75,50,443.8,617.2
1169,6.317231,6.354917,-0.037686,0.037686,75,50,75,50,444.8,618.2
1170,6.323074,6.349031,-0.025957,0.025957,75,50,75,50,445.8,619.2
1171,6.314034,6.473667,-0.159633,0.159633,75,49,75,49,446.8,627.6
1172,6.323490,6.433395,-0.109905,0.109905,75,49,75,49,447.8,628.6
1173,6.371353,6.267196,0.104157,0.104157,75,49,75,49,448.8,629.6
1174,6.285019,6.367564,-0.082545,0.082545,74,49,74,49,449.8,630.6
1175,6.322381,6.269549,0.052832,0.052832,74,49,74,49,450.8,631.6
1176,6.307743,6.357659,-0.049916,0.049916,74,49,74,49,451.8,632.6
1177,6.286219,6.247456,0.038763,0.038763,74,49,74,49,452.8,633.6
1178,6.299435,6.351297,-0.051862,0.051862,74,48,74,48,453.8,634.6
1179,6.301278,6.308030,-0.006752,0.006752,74,48,74,48,454.8,635.6
1180,6.308599,6.311361,-0.002762,0.002762,74,47,74,47,455.8,635.0
1181,6.326567,6.361730,-0.035163,0.035163,74,48,74,48,456.8,637.0
1182,6.294270,7.369547,-1.075277,1.075277,74,48,74,48,457.8,638.0
1183,6.310780,6.249890,0.060890,0.060890,74,47,74,47,458.8,639.0
1184,6.319142,6.280830,0.038312,0.038312,74,48,74,48,459.8,641.0
1185,6.361537,6.462589,-0.101052,0.101052,74,48,74,48,460.8,642.0
1186,6.296963,6.622238,-0.325275,0.325275,73,48,73,48,461.8,643.0
1187,6.323028,6.360866,-0.037838,0.037838,73,47,73,47,462.8,644.0
1188,6.333695,6.387699,-0.054004,0.054004,73,47,73,47,463.8,645.0
1189,6.324580,6.485653,-0.161073,0.161073,71,47,71,47,464.8,646.0
1190,6.371299,6.545047,-0.173748,0.173748,71,47,71,47,465.8,647.0
1191,6.302655,6.686996,-0.384341,0.384341,71,47,71,47,466.8,648.0
1192,6.292230,6.612925,-0.320695,0.320695,71,47,71,47,467.8,649.0
1193,6.353223,6.625218,-0.271995,0.271995,71,46,71,46,468.8,650.0
1194,6.330173,6.612127,-0.281954,0.281954,71,46,71,46,469.8,651.0
1195,6.932170,6.614264,0.317906,0.317906,71,46,71,46,470.8,652.0
1196,6.359591,6.494487,-0.134896,0.134896,70,46,70,46,471.8,653.0
1197,6.332957,6.415928,-0.082971,0.082971,70,46,70,46,472.8,654.0
1198,6.329884,6.407813,-0.077929,0.077929,70,45,70,45,473.8,655.0
1199,6.328845,6.436051,-0.107206,0.107206,70,47,70,47,474.8,657.0
1200,6.336238,6.408079,-0.071841,0.071841,69,47,69,47,475.8,658.0
1201,6.363497,6.467515,-0.104018,0.104018,68,47,68,47,427.1,659.0
1202,6.360476,6.436742,-0.076266,0.076266,68,46,68,46,428.1,660.0
1203,6.343167,6.925472,-0.582305,0.582305,67,46,67,46,429.1,661.0
1204,6.372831,6.566603,-0.193772,0.193772,67,46,67,46,430.1,662.0
1205,6.320326,6.453454,-0.133128,0.133128,67,46,67,46,431.1,663.0
1206,6.311844,6.468405,-0.156561,0.156561,67,46,67,46,432.1,664.0
1207,6.315106,6.383938,-0.068832,0.068832,67,46,67,46,433.1,665.0
1208,6.291853,6.405364,-0.113511,0.113511,66,45,66,45,434.1,666.0
1209,6.396077,6.384118,0.011959,0.011959,65,45,65,45,435.1,667.0
1210,6.362160,6.397659,-0.035499,0.035499,65,45,65,45,436.1,668.0
1211,6.355025,6.432774,-0.077749,0.077749,65,45,65,45,437.1,669.0
1212,6.302293,6.437412,-0.135119,0.135119,65,44,65,44,438.1,670.0
1213,6.335612,6.463992,-0.128380,0.128380,65,46,65,46,439.1,672.0
1214,6.335253,6.474224,-0.138971,0.138971,65,46,65,46,440.1,673.0
1215,6.324495,6.481737,-0.157242,0.157242,65,45,65,45,441.1,674.0
1216,6.351391,6.423927,-0.072536,0.072536,65,45,65,45,442.1,675.0
1217,6.383192,6.422004,-0.038812,0.038812,63,45,63,45,443.1,676.0
1218,6.343854,6.431048,-0.087194,0.087194,63,45,63,45,444.1,677.0
1219,6.366913,6.446173,-0.079260,0.079260,63,45,63,45,445.1,678.0
1220,6.349067,6.415266,-0.066199,0.066199,62,45,62,45,446.1,679.0
1221,6.293908,6.420859,-0.126951,0.126951,62,45,62,45,447.1,680.0
1222,6.275129,6.524239,-0.249110,0.249110,62,44,62,44,448.1,681.0
1223,6.324821,6.369038,-0.044217,0.044217,62,44,62,44,449.1,682.0
1224,6.271635,6.432407,-0.160772,0.160772,61,44,61,44,450.1,683.0
1225,6.334805,6.460784,-0.125979,0.125979,60,44,60,44,451.1,684.0
1226,6.326049,6.425964,-0.099915,0.099915,59,44,59,44,456.6,685.0
1227,6.352337,6.425722,-0.073385,0.073385,59,44,59,44,457.6,686.0
1228,8.587203,6.371933,2.215270,2.215270,59,44,59,44,458.6,687.0
1229,8.030573,6.386956,1.643617,1.643617,59,44,59,44,459.6,688.0
1230,8.005949,6.397632,1.608317,1.608317,59,44,59,44,460.6,689.0
1231,7.989645,6.419107,1.570538,1.570538,59,43,59,43,461.6,681.1
1232,8.002889,6.384688,1.618201,1.618201,59,43,59,43,462.6,682.1
1233,8.134996,6.434287,1.700709,1.700709,59,43,59,43,463.6,683.1
1234,8.008409,6.421234,1.587175,1.587175,59,43,59,43,464.6,684.1
1235,7.978830,6.475915,1.502915,1.502915,59,43,59,43,465.6,685.1
1236,8.020116,6.446752,1.573364,1.573364,59,43,59,43,466.6,686.1
1237,7.985565,6.445508,1.540057,1.540057,59,43,59,43,467.6,687.1
1238,7.989749,6.427180,1.562569,1.562569,59,43,59,43,468.6,688.1
1239,7.932240,6.439637,1.492603,1.492603,59,43,59,43,469.6,689.1
1240,8.058119,6.463159,1.594960,1.594960,59,43,59,43,470.6,690.1
1241,8.019077,6.474038,1.545039,1.545039,59,43,59,43,471.6,691.1
1242,8.084318,6.413363,1.670955,1.670955,59,43,59,43,472.6,692.1
1243,7.987882,6.414383,1.573499,1.573499,59,43,59,43,473.6,693.1
1244,8.021148,6.455614,1.565534,1.565534,59,43,59,43,474.6,694.1
1245,8.045055,6.478470,1.566585,1.566585,59,43,59,43,475.6,695.1
1246,8.129376,6.424983,1.704393,1.704393,59,43,59,43,476.6,696.1
1247,7.977245,6.418543,1.558702,1.558702,58,42,58,42,477.6,693.0
1248,6.386000,6.417266,-0.031266,0.031266,58,42,58,42,478.6,694.0
1249,6.549783,7.618357,-1.068574,1.068574,58,42,58,42,479.6,695.0
1250,6.403749,6.470847,-0.067098,0.067098,58,42,58,42,480.6,696.0
1251,6.386423,6.473135,-0.086712,0.086712,58,42,58,42,481.6,697.0
1252,6.440458,6.423944,0.016514,0.016514,58,42,58,42,482.6,698.0
1253,6.400800,6.430899,-0.030099,0.030099,58,41,58,41,483.6,699.0
1254,6.445872,6.648777,-0.202905,0.202905,58,43,58,43,484.6,702.0
1255,6.434708,6.472338,-0.037630,0.037630,58,43,58,43,485.6,703.0
1256,6.329483,6.451487,-0.122004,0.122004,58,43,58,43,486.6,704.0
1257,6.320767,6.494780,-0.174013,0.174013,58,43,58,43,487.6,705.0
1258,6.384646,6.457359,-0.072713,0.072713,58,43,58,43,488.6,706.0
1259,6.310894,6.495383,-0.184489,0.184489,58,43,58,43,489.6,707.0
1260,6.363127,6.554998,-0.191871,0.191871,58,42,58,42,490.6,708.0
1261,6.324802,6.553718,-0.228916,0.228916,57,42,57,42,491.6,709.0
1262,6.334464,6.544621,-0.210157,0.210157,57,42,57,42,492.6,710.0
1263,6.357855,6.440068,-0.082213,0.082213,57,42,57,42,493.6,711.0
1264,6.491635,6.449296,0.042339,0.042339,57,42,57,42,494.6,712.0
1265,6.364190,6.406526,-0.042336,0.042336,57,42,57,42,495.6,713.0
1266,6.325842,6.367580,-0.041738,0.041738,57,42,57,42,496.6,714.0
1267,6.390204,6.424943,-0.034739,0.034739,57,42,57,42,497.6,715.0
1268,6.299697,6.407066,-0.107369,0.107369,57,41,57,41,498.6,716.0
1269,6.725302,6.353528,0.371774,0.371774,57,41,57,41,499.6,717.0
1270,6.331556,6.673321,-0.341765,0.341765,57,41,57,41,500.6,718.0
1271,6.388630,6.559367,-0.170737,0.170737,57,41,57,41,501.6,719.0
1272,6.336765,6.433430,-0.096665,0.096665,57,41,57,41,502.6,720.0
1273,6.387469,6.549445,-0.161976,0.161976,56,41,56,41,507.7,721.0
1274,6.414104,6.432043,-0.017939,0.017939,56,41,56,41,508.7,722.0
1275,6.518135,6.443057,0.075078,0.075078,56,40,56,40,509.7,724.8
1276,6.786350,6.377068,0.409282,0.409282,56,41,56,41,510.7,726.8
1277,6.445546,6.430640,0.014906,0.014906,56,41,56,41,511.7,727.8
1278,6.413562,6.403574,0.009988,0.009988,55,41,55,41,512.7,728.8
1279,6.382710,6.407115,-0.024405,0.024405,55,41,55,41,513.7,729.8
1280,7.327866,6.424057,0.903809,0.903809,55,41,55,41,514.7,730.8
1281,6.398698,6.401997,-0.003299,0.003299,54,42,54,42,515.7,696.9
1282,6.380207,6.424007,-0.043800,0.043800,52,44,52,44,516.7,698.9
1283,6.355315,6.447989,-0.092674,0.092674,52,46,52,46,517.7,700.9
1284,6.371519,6.476785,-0.105266,0.105266,52,46,52,46,518.7,701.9
1285,6.510809,6.430832,0.079977,0.079977,52,46,52,46,519.7,702.9
1286,7.425955,6.486863,0.939092,0.939092,51,46,51,46,520.7,703.9
1287,6.468978,6.434677,0.034301,0.034301,51,46,51,46,521.7,704.9
1288,6.428403,6.466917,-0.038514,0.038514,51,45,51,45,522.7,705.9
1289,6.408151,6.433326,-0.025175,0.025175,51,45,51,45,523.7,706.9
1290,6.408617,6.382518,0.026099,0.026099,51,45,51,45,524.7,707.9
1291,6.342951,6.555939,-0.212988,0.212988,51,45,51,45,525.7,708.9
1292,6.318624,6.673293,-0.354669,0.354669,51,45,51,45,526.7,709.9
1293,6.374229,6.578934,-0.204705,0.204705,50,42,50,42,527.7,680.0
1294,6.379557,6.576390,-0.196833,0.196833,50,46,50,46,528.7,682.0
1295,6.397923,6.559781,-0.161858,0.161858,50,45,50,45,529.7,683.0
1296,6.403566,6.511358,-0.107792,0.107792,49,45,49,45,530.7,684.0
1297,6.400862,6.455918,-0.055056,0.055056,49,45,49,45,531.7,685.0
1298,6.334396,6.491754,-0.157358,0.157358,49,45,49,45,532.7,686.0
1299,6.334919,6.387993,-0.053074,0.053074,49,45,49,45,533.7,687.0
1300,6.387738,6.481502,-0.093764,0.093764,49,45,49,45,534.7,688.0
1301,6.366280,6.419925,-0.053645,0.053645,49,45,49,45,535.7,689.0
1302,6.408982,6.423826,-0.014844,0.014844,48,45,48,45,536.7,690.0
1303,6.358685,6.456637,-0.097952,0.097952,48,44,48,44,537.7,691.0
1304,6.410165,6.414985,-0.004820,0.004820,48,49,48,49,538.7,693.0
1305,6.365822,6.426219,-0.060397,0.060397,47,49,47,49,534.2,694.0
1306,6.367333,6.398672,-0.031339,0.031339,47,48,47,48,535.2,695.0
1307,6.531232,6.439957,0.091275,0.091275,47,48,47,48,536.2,696.0
1308,6.317610,6.449812,-0.132202,0.132202,47,47,47,47,537.2,697.0
1309,6.355954,6.405427,-0.049473,0.049473,47,47,47,47,538.2,698.0
1310,6.338141,6.464580,-0.126439,0.126439,47,46,47,46,539.2,699.0
1311,6.321205,6.456061,-0.134856,0.134856,47,44,47,44,540.2,700.0
1312,6.334364,6.444773,-0.110409,0.110409,47,44,47,44,541.2,701.0
1313,6.295399,6.481497,-0.186098,0.186098,47,44,47,44,542.2,702.0
1314,6.319436,6.483427,-0.163991,0.163991,47,44,47,44,543.2,703.0
1315,6.360519,6.483546,-0.123027,0.123027,47,44,47,44,544.2,704.0
1316,6.369543,6.420079,-0.050536,0.050536,47,44,47,44,545.2,705.0
1317,6.336662,6.465711,-0.129049,0.129049,47,44,47,44,546.2,706.0
1318,6.277332,6.450302,-0.172970,0.172970,47,43,47,43,547.2,675.4
1319,6.454333,6.443157,0.011176,0.011176,46,48,46,48,548.2,677.4
1320,6.432547,6.461262,-0.028715,0.028715,46,48,46,48,549.2,678.4
1321,6.480490,6.454113,0.026377,0.026377,46,47,46,47,550.2,679.4
1322,6.387056,6.453805,-0.066749,0.066749,45,47,45,47,551.2,680.4
1323,6.361256,6.442565,-0.081309,0.081309,45,46,45,46,552.2,681.4
1324,6.401398,6.454553,-0.053155,0.053155,44,45,44,45,597.1,682.4
1325,6.326046,6.435754,-0.109708,0.109708,44,45,44,45,598.1,683.4
1326,6.304756,6.424270,-0.119514,0.119514,43,43,43,43,599.1,684.4
1327,6.327956,6.424828,-0.096872,0.096872,43,51,43,51,600.1,686.4
1328,6.304210,6.404949,-0.100739,0.100739,43,50,43,50,601.1,687.4
1329,6.327860,6.448092,-0.120232,0.120232,43,50,43,50,602.1,688.4
1330,6.350987,6.519882,-0.168895,0.168895,43,49,43,49,603.1,689.4
1331,6.317889,6.483403,-0.165514,0.165514,43,49,43,49,604.1,690.4
1332,6.329726,6.463252,-0.133526,0.133526,43,49,43,49,605.1,691.4
1333,6.852726,6.425865,0.426861,0.426861,43,48,43,48,606.1,692.4
1334,6.378387,6.446229,-0.067842,0.067842,43,48,43,48,607.1,693.4
1335,6.346280,7.051305,-0.705025,0.705025,43,47,43,47,608.1,694.4
1336,6.363534,6.551024,-0.187490,0.187490,43,47,43,47,609.1,695.4
1337,6.345183,6.484050,-0.138867,0.138867,43,46,43,46,610.1,696.4
1338,6.354952,6.436797,-0.081845,0.081845,43,45,43,45,611.1,697.4
1339,6.288538,6.420144,-0.131606,0.131606,43,45,43,45,612.1,698.4
1340,6.359423,6.399553,-0.040130,0.040130,43,44,43,44,613.1,699.4
1341,6.307940,7.894446,-1.586506,1.586506,43,57,43,57,614.1,702.4
1342,6.338183,7.932762,-1.594579,1.594579,43,57,43,57,615.1,703.4
1343,6.378628,7.895408,-1.516780,1.516780,43,57,43,57,616.1,704.4
1344,6.333793,7.954819,-1.621026,1.621026,43,57,43,57,617.1,705.4
1345,6.327064,7.971942,-1.644878,1.644878,43,57,43,57,618.1,706.4
1346,6.366491,7.907311,-1.540820,1.540820,43,57,43,57,619.1,707.4
1347,6.355953,7.922577,-1.566624,1.566624,43,56,43,56,620.1,708.4
1348,6.342158,7.985813,-1.643655,1.643655,43,55,43,55,621.1,709.4
1349,6.315185,7.863993,-1.548808,1.548808,43,55,43,55,622.1,710.4
1350,6.278289,7.904710,-1.626421,1.626421,43,54,43,54,623.1,711.4
1351,6.274317,7.956663,-1.682346,1.682346,43,53,43,53,624.1,712.4
1352,6.287472,7.892017,-1.604545,1.604545,43,55,43,55,625.1,714.4
1353,6.285282,7.903781,-1.618499,1.618499,43,55,43,55,626.1,715.4
1354,6.270752,7.858425,-1.587673,1.587673,42,55,42,55,627.1,716.4
1355,6.440192,7.870276,-1.430084,1.430084,42,55,42,55,628.1,717.4
1356,6.430429,7.903925,-1.473496,1.473496,42,55,42,55,629.1,718.4
1357,6.323469,7.874374,-1.550905,1.550905,42,55,42,55,630.1,719.4
1358,6.237781,7.961768,-1.723987,1.723987,42,55,42,55,631.1,720.4
1359,6.282569,7.914601,-1.632032,1.632032,42,55,42,55,632.1,721.4
1360,6.272585,9.170598,-2.898013,2.898013,42,54,42,54,633.1,722.4
1361,6.263604,7.988822,-1.725218,1.725218,42,54,42,54,634.1,723.4
1362,6.304344,7.789605,-1.485261,1.485261,41,54,41,54,635.1,724.4
1363,6.265349,7.994749,-1.729400,1.729400,41,54,41,54,636.1,725.4
1364,6.334858,7.860562,-1.525704,1.525704,41,54,41,54,637.1,726.4
1365,6.300548,7.875222,-1.574674,1.574674,41,53,41,53,638.1,727.4
1366,6.320920,7.895264,-1.574344,1.574344,41,53,41,53,639.1,728.4
1367,6.313663,8.781784,-2.468121,2.468121,41,53,41,53,640.1,729.4
1368,6.323585,8.055048,-1.731463,1.731463,41,53,41,53,641.1,730.4
1369,6.309304,7.844882,-1.535578,1.535578,41,52,41,52,642.1,690.0
1370,6.287187,7.801119,-1.513932,1.513932,41,51,41,51,643.1,671.7
1371,6.319108,7.852759,-1.533651,1.533651,41,51,41,51,644.1,672.7
1372,6.291127,7.858379,-1.567252,1.567252,41,51,41,51,645.1,673.7
1373,6.367000,7.146604,-0.779604,0.779604,41,51,41,51,646.1,674.7
1374,6.292905,6.217076,0.075829,0.075829,41,51,41,51,647.1,675.7
1375,6.279309,7.180482,-0.901173,0.901173,41,51,41,51,648.1,676.7
1376,6.299614,6.209535,0.090079,0.090079,41,51,41,51,649.1,677.7
1377,6.292128,6.241343,0.050785,0.050785,40,51,40,51,612.8,678.7
1378,6.295161,6.245789,0.049372,0.049372,40,51,40,51,613.8,679.7
1379,8.540192,7.139207,1.400985,1.400985,39,51,39,51,614.8,680.7
1380,6.372346,6.307439,0.064907,0.064907,38,51,38,51,615.8,681.7
1381,6.346144,6.390344,-0.044200,0.044200,37,50,37,50,616.8,682.7
1382,6.280938,6.279788,0.001150,0.001150,37,50,37,50,617.8,683.7
1383,6.266317,6.235629,0.030688,0.030688,37,50,37,50,618.8,684.7
1384,6.294083,6.236640,0.057443,0.057443,37,50,37,50,619.8,685.7
1385,6.331325,6.200358,0.130967,0.130967,36,50,36,50,620.8,686.7
1386,6.272753,6.180213,0.092540,0.092540,36,50,36,50,621.8,687.7
1387,6.274227,6.218189,0.056038,0.056038,36,50,36,50,622.8,688.7
1388,6.294686,6.242873,0.051813,0.051813,36,50,36,50,623.8,689.7
1389,6.327271,6.301957,0.025314,0.025314,36,50,36,50,624.8,690.7
1390,6.296151,6.243354,0.052797,0.052797,36,50,36,50,625.8,691.7
1391,6.282266,6.293396,-0.011130,0.011130,36,50,36,50,626.8,692.7
1392,6.274752,6.262780,0.011972,0.011972,36,50,36,50,627.8,693.7
1393,6.252088,6.297314,-0.045226,0.045226,36,50,36,50,628.8,694.7
1394,6.274491,6.268107,0.006384,0.006384,36,49,36,49,629.8,695.7
1395,6.280385,6.264794,0.015591,0.015591,36,48,36,48,630.8,696.7
1396,6.236442,6.225910,0.010532,0.010532,36,48,36,48,631.8,697.7
1397,6.287214,6.354091,-0.066877,0.066877,36,48,36,48,632.8,698.7
1398,6.303637,6.236011,0.067626,0.067626,36,48,36,48,633.8,699.7
1399,6.324785,7.208098,-0.883313,0.883313,36,48,36,48,634.8,700.7
1400,6.273654,6.269242,0.004412,0.004412,36,48,36,48,635.8,701.7
1401,6.308477,6.249932,0.058545,0.058545,35,48,35,48,636.8,702.7
1402,6.315119,6.279055,0.036064,0.036064,35,48,35,48,637.8,703.7
1403,6.344205,6.232975,0.111230,0.111230,35,48,35,48,638.8,704.7
1404,6.336264,6.234984,0.101280,0.101280,35,48,35,48,639.8,705.7
1405,6.286152,6.272514,0.013638,0.013638,35,48,35,48,640.8,706.7
1406,6.251059,6.311057,-0.059998,0.059998,33,48,33,48,578.2,707.7
1407,6.291361,6.962938,-0.671577,0.671577,33,48,33,48,579.2,708.7
1408,6.278697,6.255561,0.023136,0.023136,33,48,33,48,580.2,709.7
1409,6.239921,6.241939,-0.002018,0.002018,33,47,33,47,581.2,710.7
1410,6.252132,6.184250,0.067882,0.067882,33,47,33,47,582.2,711.7
1411,6.265938,6.285089,-0.019151,0.019151,33,46,33,46,583.2,712.7
1412,6.262882,6.267450,-0.004568,0.004568,33,46,33,46,584.2,713.7
1413,6.261291,6.244341,0.016950,0.016950,33,46,33,46,585.2,714.7
1414,6.284398,6.238837,0.045561,0.045561,33,46,33,46,586.2,715.7
1415,6.256753,6.294783,-0.038030,0.038030,33,47,33,47,587.2,717.7
1416,6.258730,6.275797,-0.017067,0.017067,33,46,33,46,588.2,667.1
1417,6.307330,6.222070,0.085260,0.085260,33,46,33,46,589.2,668.1
1418,6.261831,6.235387,0.026444,0.026444,33,46,33,46,590.2,669.1
1419,6.266869,6.259764,0.007105,0.007105,33,46,33,46,591.2,670.1
1420,6.319119,6.253225,0.065894,0.065894,33,46,33,46,592.2,671.1
1421,6.275284,6.228930,0.046354,0.046354,33,45,33,45,593.2,627.4
1422,6.265642,6.281961,-0.016319,0.016319,33,45,33,45,594.2,628.4
1423,6.248040,6.267632,-0.019592,0.019592,33,45,33,45,595.2,629.4
1424,6.314648,6.255315,0.059333,0.059333,33,44,33,44,596.2,630.4
1425,6.273178,6.698280,-0.425102,0.425102,33,44,33,44,597.2,631.4
1426,6.852813,6.254533,0.598280,0.598280,33,44,33,44,598.2,632.4
1427,6.343629,6.258823,0.084806,0.084806,33,44,33,44,599.2,633.4
1428,6.301172,6.239444,0.061728,0.061728,33,44,33,44,600.2,634.4
1429,6.360366,6.289977,0.070389,0.070389,32,44,32,44,626.2,635.4
1430,6.287130,6.230472,0.056658,0.056658,31,44,31,44,628.3,636.4
1431,6.263695,6.221424,0.042271,0.042271,31,43,31,43,629.3,637.4
1432,6.241920,6.269809,-0.027889,0.027889,31,43,31,43,630.3,638.4
1433,6.271262,6.244668,0.026594,0.026594,31,43,31,43,631.3,639.4
1434,6.465787,6.253610,0.212177,0.212177,30,43,30,43,618.4,640.4
1435,6.313661,6.247144,0.066517,0.066517,30,43,30,43,619.4,641.4
1436,6.224858,6.239214,-0.014356,0.014356,30,43,30,43,620.4,642.4
1437,6.273026,6.231244,0.041782,0.041782,30,43,30,43,621.4,643.4
1438,6.299224,6.375431,-0.076207,0.076207,30,42,30,42,622.4,644.4
1439,6.326429,6.800653,-0.474224,0.474224,30,42,30,42,623.4,645.4
1440,6.291203,6.240010,0.051193,0.051193,30,42,30,42,624.4,646.4
1441,6.301330,6.232082,0.069248,0.069248,30,41,30,41,625.4,647.4
1442,6.307441,6.212661,0.094780,0.094780,30,41,30,41,626.4,648.4
1443,6.333006,6.243519,0.089487,0.089487,30,41,30,41,627.4,649.4
1444,6.263041,6.272385,-0.009344,0.009344,30,41,30,41,628.4,650.4
1445,6.278319,6.278845,-0.000526,0.000526,30,41,30,41,629.4,651.4
1446,6.265353,6.207142,0.058211,0.058211,30,41,30,41,630.4,652.4
1447,6.265928,6.197072,0.068856,0.068856,30,41,30,41,631.4,653.4
1448,6.260739,6.190460,0.070279,0.070279,30,41,30,41,632.4,654.4
1449,6.256984,6.220462,0.036522,0.036522,30,41,30,41,633.4,655.4
1450,6.283711,6.196401,0.087310,0.087310,30,41,30,41,634.4,656.4
1451,6.292339,6.226274,0.066065,0.066065,30,40,30,40,635.4,649.6
1452,6.341368,6.152861,0.188507,0.188507,30,40,30,40,636.4,650.6
1453,6.392526,6.204532,0.187994,0.187994,30,40,30,40,637.4,651.6
1454,6.303237,6.183244,0.119993,0.119993,30,40,30,40,638.4,652.6
1455,6.309524,6.193815,0.115709,0.115709,30,39,30,39,639.4,653.6
1456,6.336585,6.188777,0.147808,0.147808,30,38,30,38,640.4,654.6
1457,6.285017,6.193953,0.091064,0.091064,30,38,30,38,641.4,655.6
1458,6.226160,6.298365,-0.072205,0.072205,30,38,30,38,642.4,656.6
1459,6.254510,6.228763,0.025747,0.025747,30,38,30,38,643.4,657.6
1460,6.277654,6.237130,0.040524,0.040524,30,37,30,37,644.4,672.3
1461,6.240562,6.288922,-0.048360,0.048360,30,37,30,37,645.4,673.3
1462,6.210455,6.228797,-0.018342,0.018342,30,37,30,37,646.4,674.3
1463,6.249669,6.240537,0.009132,0.009132,30,37,30,37,647.4,675.3
1464,6.297386,7.044363,-0.746977,0.746977,30,37,30,37,648.4,676.3
1465,6.225151,6.202935,0.022216,0.022216,29,36,29,36,649.4,677.3
1466,6.244777,6.243410,0.001367,0.001367,29,36,29,36,650.4,678.3
1467,6.245346,6.251563,-0.006217,0.006217,29,36,29,36,651.4,679.3
1468,6.274427,6.197578,0.076849,0.076849,28,36,28,36,672.1,680.3
1469,6.261030,6.198718,0.062312,0.062312,28,36,28,36,673.1,681.3
1470,6.216413,6.159681,0.056732,0.056732,28,36,28,36,674.1,682.3
1471,6.245247,6.982363,-0.737116,0.737116,28,36,28,36,675.1,683.3
1472,6.218959,7.266677,-1.047718,1.047718,28,36,28,36,676.1,684.3
1473,7.060538,6.259188,0.801350,0.801350,28,36,28,36,677.1,685.3
1474,6.351691,6.211277,0.140414,0.140414,28,36,28,36,678.1,686.3
1475,6.278177,6.185532,0.092645,0.092645,28,36,28,36,679.1,687.3
1476,6.267022,6.136760,0.130262,0.130262,28,36,28,36,680.1,688.3
1477,6.243902,6.194873,0.049029,0.049029,28,36,28,36,681.1,689.3
1478,6.234785,6.155260,0.079525,0.079525,28,36,28,36,682.1,690.3
1479,8.509194,6.208511,2.300683,2.300683,28,36,28,36,683.1,691.3
1480,8.099706,6.761471,1.338235,1.338235,28,36,28,36,684.1,692.3
1481,7.967274,6.579899,1.387375,1.387375,28,36,28,36,685.1,693.3
1482,7.969776,6.290918,1.678858,1.678858,28,35,28,35,686.1,694.3
1483,7.975694,6.206099,1.769595,1.769595,27,35,27,35,687.1,695.3
1484,7.985026,6.209411,1.775615,1.775615,27,35,27,35,688.1,696.3
1485,8.006641,6.253858,1.752783,1.752783,27,35,27,35,689.1,697.3
1486,8.069808,6.201265,1.868543,1.868543,27,35,27,35,690.1,698.3
1487,7.991301,6.237275,1.754026,1.754026,27,35,27,35,691.1,699.3
1488,8.052032,6.199584,1.852448,1.852448,26,34,26,34,612.1,700.3
1489,8.032877,6.246041,1.786836,1.786836,26,34,26,34,613.1,701.3
1490,7.969725,6.264807,1.704918,1.704918,26,34,26,34,614.1,702.3
1491,7.975855,6.243877,1.731978,1.731978,26,33,26,33,615.1,703.3
1492,7.905910,6.216511,1.689399,1.689399,26,33,26,33,616.1,704.3
1493,7.904766,6.181961,1.722805,1.722805,26,33,26,33,617.1,705.3
1494,8.111251,6.246300,1.864951,1.864951,26,32,26,32,618.1,706.3
1495,7.967482,6.203245,1.764237,1.764237,26,32,26,32,619.1,707.3
1496,7.949439,6.183573,1.765866,1.765866,26,32,26,32,620.1,708.3
1497,7.128213,6.196333,0.931880,0.931880,26,32,26,32,621.1,709.3
1498,6.277650,6.259052,0.018598,0.018598,26,32,26,32,622.1,710.3
1499,6.312867,6.202243,0.110624,0.110624,26,32,26,32,623.1,711.3
1500,6.393031,6.315798,0.077233,0.077233,26,32,26,32,624.1,712.3
1501,6.245818,6.172540,0.073278,0.073278,26,32,26,32,625.1,713.3
1502,6.240329,6.139117,0.101212,0.101212,26,32,26,32,626.1,714.3
1503,6.285327,6.221810,0.063517,0.063517,26,32,26,32,627.1,715.3
1504,6.302275,6.245203,0.057072,0.057072,26,32,26,32,628.1,716.3
1505,6.273230,6.195175,0.078055,0.078055,26,32,26,32,629.1,717.3
1506,6.231803,7.100783,-0.868980,0.868980,26,32,26,32,630.1,718.3
1507,6.301170,6.242209,0.058961,0.058961,25,32,25,32,594.5,719.3
1508,6.298663,6.178719,0.119944,0.119944,25,32,25,32,595.5,720.3
1509,6.306118,6.201433,0.104685,0.104685,25,32,25,32,596.5,721.3
1510,6.288948,6.197084,0.091864,0.091864,25,32,25,32,597.5,722.3
1511,6.404865,6.195898,0.208967,0.208967,25,32,25,32,598.5,723.3
1512,6.289257,6.214779,0.074478,0.074478,25,31,25,31,599.5,732.1
1513,6.305903,6.252748,0.053155,0.053155,25,31,25,31,600.5,733.1
1514,6.269768,6.210509,0.059259,0.059259,25,30,25,30,601.5,701.3
1515,6.251873,7.186584,-0.934711,0.934711,25,30,25,30,602.5,702.3
1516,6.281589,6.218502,0.063087,0.063087,25,30,25,30,603.5,703.3
1517,6.309899,6.187672,0.122227,0.122227,25,29,25,29,604.5,738.9
1518,6.317007,6.165195,0.151812,0.151812,25,29,25,29,605.5,739.9
1519,6.234819,7.426064,-1.191245,1.191245,25,28,25,28,606.5,726.9
1520,6.351076,6.309192,0.041884,0.041884,25,28,25,28,607.5,727.9
1521,6.488252,6.261354,0.226898,0.226898,25,28,25,28,608.5,728.9
1522,6.351137,6.261820,0.089317,0.089317,25,28,25,28,609.5,729.9
1523,6.257665,7.166193,-0.908528,0.908528,25,28,25,28,610.5,730.9
1524,6.256808,6.220923,0.035885,0.035885,25,28,25,28,611.5,731.9
1525,6.253778,6.179879,0.073899,0.073899,25,28,25,28,612.5,732.9
1526,6.276158,6.152352,0.123806,0.123806,25,28,25,28,613.5,733.9
1527,6.236323,6.172721,0.063602,0.063602,25,28,25,28,614.5,734.9
1528,6.344849,6.166575,0.178274,0.178274,25,28,25,28,615.5,735.9
1529,6.245786,6.185504,0.060282,0.060282,25,28,25,28,616.5,736.9
1530,6.261477,6.172319,0.089158,0.089158,25,28,25,28,617.5,737.9
1531,6.287077,6.159438,0.127639,0.127639,25,28,25,28,618.5,738.9
1532,6.305219,6.195627,0.109592,0.109592,25,28,25,28,619.5,739.9
1533,6.277670,6.189329,0.088341,0.088341,25,28,25,28,620.5,740.9
1534,6.323964,6.160532,0.163432,0.163432,25,28,25,28,621.5,741.9
1535,6.266677,6.218248,0.048429,0.048429,25,28,25,28,622.5,742.9
1536,6.247091,6.231548,0.015543,0.015543,25,28,25,28,623.5,743.9
1537,6.250249,6.167071,0.083178,0.083178,25,28,25,28,624.5,744.9
1538,6.279140,6.204260,0.074880,0.074880,25,28,25,28,625.5,745.9
1539,6.267286,6.210927,0.056359,0.056359,25,28,25,28,626.5,746.9
1540,6.288297,6.205324,0.082973,0.082973,25,27,25,27,627.5,767.8
1541,6.283887,6.202898,0.080989,0.080989,25,27,25,27,628.5,768.8
1542,6.280762,6.228067,0.052695,0.052695,25,27,25,27,629.5,769.8
1543,6.277527,6.199961,0.077566,0.077566,25,27,25,27,630.5,770.8
1544,6.282215,6.193470,0.088745,0.088745,25,27,25,27,631.5,771.8
1545,6.434992,6.198542,0.236450,0.236450,25,27,25,27,632.5,772.8
1546,6.288560,6.182283,0.106277,0.106277,25,27,25,27,633.5,773.8
1547,6.314388,6.214944,0.099444,0.099444,25,27,25,27,634.5,774.8
1548,6.295901,6.197392,0.098509,0.098509,25,27,25,27,635.5,775.8
1549,6.253953,6.165050,0.088903,0.088903,25,27,25,27,636.5,776.8
1550,6.262433,7.235252,-0.972819,0.972819,25,27,25,27,637.5,777.8
1551,6.314892,6.163853,0.151039,0.151039,25,27,25,27,638.5,778.8
1552,6.232738,6.111829,0.120909,0.120909,25,27,25,27,639.5,779.8
1553,6.304280,6.177710,0.126570,0.126570,24,27,24,27,654.4,780.8
1554,6.275764,6.162487,0.113277,0.113277,24,27,24,27,655.4,781.8
1555,6.587544,6.151585,0.435959,0.435959,24,27,24,27,656.4,782.8
1556,6.299180,8.641501,-2.342321,2.342321,24,27,24,27,657.4,783.8
1557,6.303990,8.076165,-1.772175,1.772175,24,27,24,27,658.4,784.8
1558,6.278291,8.100917,-1.822626,1.822626,24,27,24,27,659.4,785.8
1559,6.267699,8.064757,-1.797058,1.797058,24,27,24,27,660.4,786.8
1560,6.288131,7.998084,-1.709953,1.709953,24,27,24,27,661.4,787.8
1561,6.260483,7.966705,-1.706222,1.706222,24,27,24,27,662.4,788.8
1562,6.349948,7.983287,-1.633339,1.633339,24,27,24,27,663.4,789.8
1563,6.240499,8.019636,-1.779137,1.779137,24,27,24,27,664.4,790.8
1564,6.264366,7.989248,-1.724882,1.724882,24,27,24,27,665.4,791.8
1565,6.254133,8.131088,-1.876955,1.876955,24,27,24,27,666.4,792.8
1566,6.278278,8.982124,-2.703846,2.703846,24,27,24,27,667.4,793.8
1567,6.315118,8.109264,-1.794146,1.794146,23,27,23,27,666.7,794.8
1568,6.621699,8.045480,-1.423781,1.423781,23,27,23,27,667.7,795.8
1569,6.357000,8.029772,-1.672772,1.672772,23,27,23,27,668.7,796.8
1570,6.294995,8.000372,-1.705377,1.705377,23,27,23,27,669.7,797.8
1571,6.264592,8.012790,-1.748198,1.748198,23,27,23,27,670.7,798.8
1572,6.607646,7.944916,-1.337270,1.337270,23,27,23,27,671.7,799.8
1573,6.315550,7.950884,-1.635334,1.635334,23,27,23,27,672.7,800.8
1574,6.324409,8.076205,-1.751796,1.751796,23,27,23,27,673.7,801.8
1575,6.469860,7.982909,-1.513049,1.513049,23,27,23,27,674.7,802.8
1576,8.771221,8.002606,0.768615,0.768615,23,27,23,27,675.7,803.8
1577,7.407346,7.981587,-0.574241,0.574241,22,27,22,27,680.8,804.8
1578,6.450640,7.996926,-1.546286,1.546286,22,27,22,27,681.8,805.8
1579,6.402518,8.010251,-1.607733,1.607733,22,27,22,27,682.8,806.8
1580,6.422823,6.370505,0.052318,0.052318,22,27,22,27,683.8,807.8
1581,6.424812,6.407375,0.017437,0.017437,22,26,22,26,684.8,808.8
1582,6.327217,6.466312,-0.139095,0.139095,21,26,21,26,663.4,809.8
1583,6.328696,6.406894,-0.078198,0.078198,21,26,21,26,664.4,810.8
1584,6.394597,6.355892,0.038705,0.038705,20,26,20,26,662.6,811.8
1585,6.327119,6.388957,-0.061838,0.061838,20,26,20,26,663.6,812.8
1586,6.323970,6.365903,-0.041933,0.041933,20,26,20,26,664.6,813.8
1587,6.299953,6.375415,-0.075462,0.075462,20,26,20,26,665.6,814.8
1588,6.300873,6.510902,-0.210029,0.210029,20,26,20,26,666.6,815.8
1589,6.319496,6.387353,-0.067857,0.067857,20,26,20,26,667.6,816.8
1590,6.350174,6.381482,-0.031308,0.031308,20,26,20,26,668.6,817.8
1591,6.330872,6.497136,-0.166264,0.166264,20,26,20,26,669.6,818.8
1592,6.385761,6.434154,-0.048393,0.048393,20,26,20,26,670.6,819.8
1593,6.327601,6.521142,-0.193541,0.193541,20,25,20,25,671.6,820.8
1594,6.358772,6.541306,-0.182534,0.182534,20,25,20,25,672.6,821.8
1595,6.306019,6.437399,-0.131380,0.131380,20,25,20,25,673.6,822.8
1596,6.286037,6.372357,-0.086320,0.086320,20,25,20,25,674.6,823.8
1597,6.261129,6.380197,-0.119068,0.119068,20,25,20,25,675.6,824.8
1598,6.326980,6.327191,-0.000211,0.000211,20,25,20,25,676.6,825.8
1599,6.472295,6.377616,0.094679,0.094679,20,25,20,25,677.6,826.8
1600,6.420455,6.337207,0.083248,0.083248,20,25,20,25,678.6,827.8
1601,6.376281,6.370040,0.006241,0.006241,19,25,19,25,679.6,828.8
1602,6.371155,6.391830,-0.020675,0.020675,19,25,19,25,680.6,829.8
1603,6.381028,6.417307,-0.036279,0.036279,19,25,19,25,681.6,830.8
1604,6.409815,6.394662,0.015153,0.015153,19,25,19,25,682.6,831.8
1605,6.332547,6.408745,-0.076198,0.076198,19,25,19,25,683.6,832.8
1606,6.312212,6.418680,-0.106468,0.106468,19,25,19,25,684.6,833.8
1607,6.283785,6.338802,-0.055017,0.055017,19,25,19,25,685.6,834.8
1608,6.290989,6.395600,-0.104611,0.104611,19,24,19,24,686.6,835.8
1609,6.407155,6.324524,0.082631,0.082631,19,24,19,24,687.6,836.8
1610,6.300007,6.366409,-0.066402,0.066402,19,24,19,24,688.6,837.8
1611,6.288083,6.338966,-0.050883,0.050883,19,24,19,24,689.6,838.8
1612,6.363335,6.277975,0.085360,0.085360,19,22,19,22,690.6,759.6
1613,6.329268,6.852193,-0.522925,0.522925,19,22,19,22,691.6,760.6
1614,6.311425,6.406931,-0.095506,0.095506,19,22,19,22,692.6,761.6
1615,6.501065,6.361466,0.139599,0.139599,19,22,19,22,693.6,762.6
1616,6.409564,6.391903,0.017661,0.017661,19,22,19,22,694.6,763.6
1617,6.395409,6.344727,0.050682,0.050682,19,22,19,22,695.6,764.6
1618,6.364580,6.370240,-0.005660,0.005660,19,22,19,22,696.6,765.6
1619,6.342060,6.333032,0.009028,0.009028,19,22,19,22,697.6,766.6
1620,6.495916,6.300952,0.194964,0.194964,19,22,19,22,698.6,767.6
1621,6.646316,6.308144,0.338172,0.338172,19,22,19,22,699.6,768.6
1622,7.000596,6.345838,0.654758,0.654758,19,22,19,22,700.6,769.6
1623,6.405291,6.298106,0.107185,0.107185,19,22,19,22,701.6,770.6
1624,6.362619,6.362924,-0.000305,0.000305,19,22,19,22,702.6,771.6
1625,6.330026,6.359832,-0.029806,0.029806,19,22,19,22,703.6,772.6
1626,6.380631,6.374444,0.006187,0.006187,19,22,19,22,704.6,773.6
1627,6.366670,6.360366,0.006304,0.006304,19,22,19,22,705.6,774.6
1628,6.310500,6.405103,-0.094603,0.094603,19,22,19,22,706.6,775.6
1629,6.351879,6.361891,-0.010012,0.010012,19,22,19,22,707.6,776.6
1630,6.345201,6.324047,0.021154,0.021154,19,22,19,22,708.6,777.6
1631,6.322949,6.519432,-0.196483,0.196483,19,22,19,22,709.6,778.6
1632,6.924676,6.429403,0.495273,0.495273,19,22,19,22,710.6,779.6
1633,6.414759,6.395879,0.018880,0.018880,19,22,19,22,711.6,780.6
1634,6.400943,6.407613,-0.006670,0.006670,19,22,19,22,712.6,781.6
1635,6.358323,6.380656,-0.022333,0.022333,19,22,19,22,713.6,782.6
1636,6.313495,6.363748,-0.050253,0.050253,19,22,19,22,714.6,783.6
1637,6.318452,6.355855,-0.037403,0.037403,19,22,19,22,715.6,784.6
1638,6.411471,6.336193,0.075278,0.075278,19,22,19,22,716.6,785.6
1639,6.362408,6.375501,-0.013093,0.013093,19,22,19,22,717.6,786.6
1640,6.358769,6.401805,-0.043036,0.043036,19,22,19,22,718.6,787.6
1641,6.293726,6.491682,-0.197956,0.197956,19,22,19,22,719.6,788.6
1642,6.266607,6.356770,-0.090163,0.090163,19,22,19,22,720.6,789.6
1643,6.240358,6.320140,-0.079782,0.079782,19,22,19,22,721.6,790.6
1644,6.279730,6.354137,-0.074407,0.074407,19,22,19,22,722.6,791.6
1645,6.225959,6.325266,-0.099307,0.099307,19,22,19,22,723.6,792.6
1646,6.682998,6.368458,0.314540,0.314540,19,22,19,22,724.6,793.6
1647,6.317608,6.333813,-0.016205,0.016205,19,22,19,22,725.6,794.6
1648,6.345521,6.373258,-0.027737,0.027737,19,21,19,21,726.6,814.6
1649,6.385473,6.369502,0.015971,0.015971,19,21,19,21,727.6,815.6
1650,6.353657,6.348895,0.004762,0.004762,19,21,19,21,728.6,816.6
1651,6.327041,6.341030,-0.013989,0.013989,19,21,19,21,729.6,817.6
1652,6.344961,6.332543,0.012418,0.012418,19,21,19,21,730.6,818.6
1653,6.307960,6.310154,-0.002194,0.002194,19,21,19,21,731.6,819.6
1654,6.276503,6.396724,-0.120221,0.120221,19,21,19,21,732.6,820.6
1655,6.283723,6.352773,-0.069050,0.069050,17,21,17,21,737.2,821.6
1656,6.273486,6.348910,-0.075424,0.075424,17,21,17,21,738.2,822.6
1657,6.275124,6.327795,-0.052671,0.052671,17,21,17,21,739.2,823.6
1658,6.297542,6.397701,-0.100159,0.100159,17,20,17,20,740.2,825.0
1659,6.247580,6.359700,-0.112120,0.112120,17,20,17,20,741.2,826.0
1660,6.255695,7.060477,-0.804782,0.804782,17,20,17,20,742.2,827.0
1661,6.257268,6.405834,-0.148566,0.148566,17,20,17,20,743.2,828.0
1662,8.369337,6.424128,1.945209,1.945209,17,20,17,20,744.2,829.0
1663,6.430190,6.450945,-0.020755,0.020755,17,20,17,20,745.2,830.0
1664,6.327746,6.365760,-0.038014,0.038014,17,20,17,20,746.2,831.0
1665,6.267547,6.387833,-0.120286,0.120286,17,20,17,20,747.2,832.0
1666,6.267294,6.364920,-0.097626,0.097626,17,20,17,20,748.2,833.0
1667,6.240094,6.420555,-0.180461,0.180461,17,19,17,19,749.2,801.7
1668,6.251291,6.364051,-0.112760,0.112760,17,19,17,19,750.2,802.7
1669,6.274811,6.387025,-0.112214,0.112214,17,19,17,19,751.2,803.7
1670,6.247876,6.436416,-0.188540,0.188540,17,19,17,19,752.2,804.7
1671,6.218359,6.403502,-0.185143,0.185143,17,19,17,19,753.2,805.7
1672,6.274258,6.436128,-0.161870,0.161870,17,19,17,19,754.2,806.7
1673,6.837535,6.407937,0.429598,0.429598,17,19,17,19,755.2,807.7
1674,6.429145,6.373526,0.055619,0.055619,17,19,17,19,756.2,808.7
1675,6.378028,6.413417,-0.035389,0.035389,15,19,15,19,759.0,809.7
1676,6.276062,6.489566,-0.213504,0.213504,15,19,15,19,760.0,810.7
1677,6.231858,6.330094,-0.098236,0.098236,15,19,15,19,761.0,811.7
1678,6.273245,6.346348,-0.073103,0.073103,14,19,14,19,753.6,812.7
1679,6.338821,6.323735,0.015086,0.015086,14,19,14,19,754.6,813.7
1680,6.305369,6.355729,-0.050360,0.050360,14,19,14,19,755.6,814.7
1681,6.240154,6.350798,-0.110644,0.110644,14,19,14,19,756.6,815.7
1682,6.274432,6.338276,-0.063844,0.063844,14,19,14,19,757.6,816.7
1683,6.255753,6.357274,-0.101521,0.101521,14,19,14,19,758.6,817.7
1684,6.354656,6.339589,0.015067,0.015067,14,19,14,19,759.6,818.7
1685,6.234207,6.344615,-0.110408,0.110408,14,19,14,19,760.6,819.7
1686,6.236063,6.343418,-0.107355,0.107355,14,19,14,19,761.6,820.7
1687,6.230626,6.400577,-0.169951,0.169951,14,19,14,19,762.6,821.7
1688,6.266230,6.344278,-0.078048,0.078048,14,19,14,19,763.6,822.7
1689,6.323207,6.345949,-0.022742,0.022742,14,19,14,19,764.6,823.7
1690,6.243492,6.334041,-0.090549,0.090549,14,19,14,19,765.6,824.7
1691,6.219314,6.340505,-0.121191,0.121191,14,19,14,19,766.6,825.7
1692,6.256564,6.299299,-0.042735,0.042735,14,19,14,19,767.6,826.7
1693,6.303321,6.313486,-0.010165,0.010165,14,19,14,19,768.6,827.7
1694,6.304204,6.378227,-0.074023,0.074023,14,19,14,19,769.6,828.7
1695,6.237641,6.307331,-0.069690,0.069690,14,19,14,19,770.6,829.7
1696,6.351175,6.295290,0.055885,0.055885,14,19,14,19,771.6,830.7
1697,6.246855,6.354123,-0.107268,0.107268,14,19,14,19,772.6,831.7
1698,6.459840,6.329037,0.130803,0.130803,14,19,14,19,773.6,832.7
1699,6.253214,6.330469,-0.077255,0.077255,14,19,14,19,774.6,833.7
1700,6.307657,6.346605,-0.038948,0.038948,14,19,14,19,775.6,834.7
1701,6.240149,6.321006,-0.080857,0.080857,14,19,14,19,776.6,835.7
1702,6.214593,6.328949,-0.114356,0.114356,14,19,14,19,777.6,836.7
1703,6.285564,6.293828,-0.008264,0.008264,14,19,14,19,778.6,837.7
1704,6.222584,6.282896,-0.060312,0.060312,14,19,14,19,779.6,838.7
1705,6.269515,6.304217,-0.034702,0.034702,14,19,14,19,780.6,839.7
1706,6.233630,6.300896,-0.067266,0.067266,14,19,14,19,781.6,840.7
1707,6.267233,7.759540,-1.492307,1.492307,14,19,14,19,782.6,841.7
1708,6.204293,6.410038,-0.205745,0.205745,14,19,14,19,783.6,842.7
1709,6.267734,6.435964,-0.168230,0.168230,14,18,14,18,784.6,822.5
1710,7.112902,6.416520,0.696382,0.696382,14,18,14,18,785.6,823.5
1711,6.343040,6.388040,-0.045000,0.045000,14,18,14,18,786.6,824.5
1712,6.321473,6.372133,-0.050660,0.050660,14,18,14,18,787.6,825.5
1713,6.274084,6.370175,-0.096091,0.096091,14,18,14,18,788.6,826.5
1714,6.277903,6.312984,-0.035081,0.035081,14,18,14,18,789.6,827.5
1715,6.214244,6.336491,-0.122247,0.122247,14,18,14,18,790.6,828.5
1716,6.452479,6.357716,0.094763,0.094763,14,18,14,18,791.6,829.5
1717,6.384689,6.322054,0.062635,0.062635,14,18,14,18,792.6,830.5
1718,6.379020,6.340177,0.038843,0.038843,14,18,14,18,793.6,831.5
1719,6.324737,6.342452,-0.017715,0.017715,14,18,14,18,794.6,832.5
1720,6.286101,6.404344,-0.118243,0.118243,14,17,14,17,795.6,804.7
1721,6.322556,6.379915,-0.057359,0.057359,14,17,14,17,796.6,805.7
1722,6.876244,6.377097,0.499147,0.499147,14,17,14,17,797.6,806.7
1723,6.323863,6.349514,-0.025651,0.025651,14,17,14,17,798.6,807.7
1724,6.429730,6.361700,0.068030,0.068030,14,17,14,17,799.6,808.7
1725,6.228192,6.326798,-0.098606,0.098606,14,17,14,17,800.6,809.7
1726,6.241717,6.300576,-0.058859,0.058859,14,17,14,17,801.6,810.7
1727,6.247457,6.295375,-0.047918,0.047918,14,17,14,17,802.6,811.7
1728,6.232415,6.365241,-0.132826,0.132826,14,17,14,17,803.6,812.7
1729,6.205190,6.371365,-0.166175,0.166175,14,17,14,17,804.6,813.7
1730,6.228189,6.324168,-0.095979,0.095979,14,17,14,17,805.6,814.7
1731,6.233677,6.355021,-0.121344,0.121344,14,17,14,17,806.6,815.7
1732,6.250272,6.343581,-0.093309,0.093309,14,17,14,17,807.6,816.7
1733,6.241609,6.374754,-0.133145,0.133145,14,17,14,17,808.6,817.7
1734,6.266344,6.288698,-0.022354,0.022354,14,17,14,17,809.6,818.7
1735,6.190229,6.316242,-0.126013,0.126013,14,17,14,17,810.6,819.7
1736,6.265372,6.365301,-0.099929,0.099929,14,17,14,17,811.6,820.7
1737,6.269018,6.364752,-0.095734,0.095734,14,17,14,17,812.6,821.7
1738,6.293927,6.315534,-0.021607,0.021607,14,17,14,17,813.6,822.7
1739,6.207645,6.304029,-0.096384,0.096384,14,17,14,17,814.6,823.7
1740,6.262401,6.356430,-0.094029,0.094029,14,17,14,17,815.6,824.7
1741,6.248743,6.368716,-0.119973,0.119973,14,17,14,17,816.6,825.7
1742,6.225960,6.337755,-0.111795,0.111795,14,17,14,17,817.6,826.7
1743,6.258696,6.323454,-0.064758,0.064758,14,17,14,17,818.6,827.7
1744,6.261222,6.289421,-0.028199,0.028199,14,17,14,17,819.6,828.7
1745,6.347556,6.287679,0.059877,0.059877,14,17,14,17,820.6,829.7
1746,6.303216,6.309222,-0.006006,0.006006,14,17,14,17,821.6,830.7
1747,6.194890,6.278750,-0.083860,0.083860,14,17,14,17,822.6,831.7
1748,6.263231,6.310179,-0.046948,0.046948,14,17,14,17,823.6,832.7
1749,6.384197,6.361792,0.022405,0.022405,14,17,14,17,824.6,833.7
1750,6.265382,6.298027,-0.032645,0.032645,14,17,14,17,825.6,834.7
1751,6.196454,6.344815,-0.148361,0.148361,14,17,14,17,826.6,835.7
1752,6.230833,6.318176,-0.087343,0.087343,14,17,14,17,827.6,836.7
1753,6.222485,6.325302,-0.102817,0.102817,14,17,14,17,828.6,837.7
1754,6.275692,7.491613,-1.215921,1.215921,14,17,14,17,829.6,838.7
1755,6.170924,6.437349,-0.266425,0.266425,14,17,14,17,830.6,839.7
1756,6.280430,6.347263,-0.066833,0.066833,14,17,14,17,831.6,840.7
1757,6.183006,6.367418,-0.184412,0.184412,14,17,14,17,832.6,841.7
1758,9.821328,6.318888,3.502440,3.502440,14,17,14,17,833.6,842.7
1759,6.217783,6.427448,-0.209665,0.209665,14,16,14,16,834.6,843.7
1760,6.277012,6.334967,-0.057955,0.057955,14,16,14,16,835.6,844.7
1761,6.248676,6.339040,-0.090364,0.090364,14,16,14,16,836.6,845.7
1762,6.344053,6.341643,0.002410,0.002410,13,16,13,16,823.9,846.7
1763,6.279418,6.350412,-0.070994,0.070994,13,16,13,16,824.9,847.7
1764,6.221946,6.335120,-0.113174,0.113174,13,16,13,16,825.9,848.7
1765,6.290488,6.338230,-0.047742,0.047742,13,16,13,16,826.9,849.7
1766,6.211725,6.345420,-0.133695,0.133695,13,16,13,16,827.9,850.7
1767,6.308174,6.380223,-0.072049,0.072049,13,16,13,16,828.9,851.7
1768,6.216848,6.295822,-0.078974,0.078974,13,16,13,16,829.9,852.7
1769,6.216044,6.303799,-0.087755,0.087755,13,16,13,16,830.9,853.7
1770,6.262900,6.296573,-0.033673,0.033673,13,16,13,16,831.9,854.7
1771,6.899355,6.276195,0.623160,0.623160,13,16,13,16,832.9,855.7
1772,6.330529,6.361812,-0.031283,0.031283,13,16,13,16,833.9,856.7
1773,6.273807,6.299146,-0.025339,0.025339,13,16,13,16,834.9,857.7
1774,6.338387,6.308221,0.030166,0.030166,13,16,13,16,835.9,858.7
1775,6.350157,6.329283,0.020874,0.020874,13,16,13,16,836.9,859.7
1776,6.239268,6.305381,-0.066113,0.066113,13,16,13,16,837.9,860.7
1777,6.276972,6.312956,-0.035984,0.035984,13,16,13,16,838.9,861.7
1778,6.229346,6.356538,-0.127192,0.127192,13,16,13,16,839.9,862.7
1779,6.429354,6.324493,0.104861,0.104861,13,16,13,16,840.9,863.7
1780,6.235379,6.333115,-0.097736,0.097736,13,16,13,16,841.9,864.7
1781,6.211431,6.305626,-0.094195,0.094195,13,16,13,16,842.9,865.7
1782,6.359539,6.316069,0.043470,0.043470,13,16,13,16,843.9,866.7
1783,6.219996,6.289613,-0.069617,0.069617,13,16,13,16,844.9,867.7
1784,6.245159,6.319750,-0.074591,0.074591,13,16,13,16,845.9,868.7
1785,6.305416,6.295094,0.010322,0.010322,13,16,13,16,846.9,869.7
1786,6.195629,6.342707,-0.147078,0.147078,13,16,13,16,847.9,870.7
1787,6.284742,6.306426,-0.021684,0.021684,13,16,13,16,848.9,871.7
1788,6.244951,6.325812,-0.080861,0.080861,13,16,13,16,849.9,872.7
1789,6.348814,6.318492,0.030322,0.030322,12,16,12,16,829.2,873.7
1790,6.235320,6.258772,-0.023452,0.023452,12,16,12,16,830.2,874.7
1791,6.251953,6.282034,-0.030081,0.030081,12,16,12,16,831.2,875.7
1792,6.252340,6.331782,-0.079442,0.079442,12,16,12,16,832.2,876.7
1793,6.258067,6.351377,-0.093310,0.093310,12,16,12,16,833.2,877.7
1794,6.301556,6.342447,-0.040891,0.040891,11,16,11,16,835.0,878.7
1795,6.232416,6.325348,-0.092932,0.092932,11,16,11,16,836.0,879.7
1796,6.228628,6.309614,-0.080986,0.080986,11,16,11,16,837.0,880.7
1797,6.250109,6.324282,-0.074173,0.074173,11,16,11,16,838.0,881.7
1798,6.240218,6.357158,-0.116940,0.116940,11,16,11,16,839.0,882.7
1799,6.203944,6.251095,-0.047151,0.047151,11,16,11,16,840.0,883.7
1800,6.213015,6.259690,-0.046675,0.046675,11,16,11,16,841.0,884.7
1801,6.265923,6.301387,-0.035464,0.035464,11,16,11,16,842.0,885.7
1802,6.228398,6.289236,-0.060838,0.060838,11,16,11,16,843.0,886.7
1803,6.184092,7.705367,-1.521275,1.521275,11,16,11,16,844.0,887.7
1804,6.175135,6.544749,-0.369614,0.369614,11,16,11,16,845.0,888.7
1805,6.188181,6.350249,-0.162068,0.162068,11,16,11,16,846.0,889.7
1806,6.270725,6.349788,-0.079063,0.079063,11,16,11,16,847.0,890.7
1807,7.645741,6.262520,1.383221,1.383221,11,16,11,16,848.0,891.7
1808,6.239917,6.251580,-0.011663,0.011663,11,16,11,16,849.0,892.7
1809,6.253816,6.236251,0.017565,0.017565,11,16,11,16,850.0,893.7
1810,6.269304,6.287152,-0.017848,0.017848,11,16,11,16,851.0,894.7
1811,6.244242,6.255750,-0.011508,0.011508,11,16,11,16,852.0,895.7
1812,6.492842,6.269355,0.223487,0.223487,11,16,11,16,853.0,896.7
1813,6.332926,6.289465,0.043461,0.043461,11,16,11,16,854.0,897.7
1814,6.386544,6.287949,0.098595,0.098595,10,16,10,16,839.9,898.7
1815,6.337737,6.303708,0.034029,0.034029,10,16,10,16,840.9,899.7
1816,6.305020,6.342262,-0.037242,0.037242,10,16,10,16,841.9,900.7
1817,6.288714,6.303933,-0.015219,0.015219,10,16,10,16,842.9,901.7
1818,6.316231,6.278997,0.037234,0.037234,10,16,10,16,843.9,902.7
1819,6.300510,6.300171,0.000339,0.000339,10,16,10,16,844.9,903.7
1820,6.804605,6.656219,0.148386,0.148386,10,16,10,16,845.9,904.7
1821,6.290797,6.444942,-0.154145,0.154145,10,16,10,16,846.9,905.7
1822,6.273231,6.356562,-0.083331,0.083331,10,15,10,15,847.9,895.2
1823,6.317851,6.386922,-0.069071,0.069071,9,15,9,15,858.8,896.2
1824,6.252144,6.321761,-0.069617,0.069617,9,15,9,15,859.8,897.2
1825,6.275997,6.418203,-0.142206,0.142206,9,15,9,15,860.8,898.2
1826,6.231479,6.335522,-0.104043,0.104043,9,15,9,15,861.8,899.2
1827,6.287218,6.353723,-0.066505,0.066505,9,15,9,15,862.8,900.2
1828,6.319527,6.368322,-0.048795,0.048795,9,15,9,15,863.8,901.2
1829,6.203173,6.327942,-0.124769,0.124769,9,15,9,15,864.8,902.2
1830,6.228796,6.317366,-0.088570,0.088570,9,15,9,15,865.8,903.2
1831,6.281847,6.414330,-0.132483,0.132483,9,15,9,15,866.8,904.2
1832,6.271692,6.296789,-0.025097,0.025097,9,15,9,15,867.8,905.2
1833,6.183581,6.304746,-0.121165,0.121165,8,15,8,15,878.4,906.2
1834,6.156378,6.301420,-0.145042,0.145042,8,15,8,15,879.4,907.2
1835,7.158478,6.258062,0.900416,0.900416,7,15,7,15,897.0,908.2
1836,6.220883,6.293407,-0.072524,0.072524,7,15,7,15,898.0,909.2
1837,6.228952,6.324800,-0.095848,0.095848,7,15,7,15,899.0,910.2
1838,6.139200,6.276013,-0.136813,0.136813,7,15,7,15,900.0,911.2
1839,6.121972,6.285783,-0.163811,0.163811,7,15,7,15,901.0,912.2
1840,6.187720,6.332486,-0.144766,0.144766,7,15,7,15,902.0,913.2
1841,6.378737,6.373108,0.005629,0.005629,7,15,7,15,903.0,914.2
1842,8.068989,6.370177,1.698812,1.698812,7,15,7,15,904.0,915.2
1843,8.057106,6.320606,1.736500,1.736500,7,15,7,15,905.0,916.2
1844,6.383013,6.296133,0.086880,0.086880,7,15,7,15,906.0,917.2
1845,6.183381,6.269189,-0.085808,0.085808,7,15,7,15,907.0,918.2
1846,6.137852,6.215276,-0.077424,0.077424,7,15,7,15,908.0,919.2
1847,6.161259,6.251492,-0.090233,0.090233,7,15,7,15,909.0,920.2
1848,6.201151,6.278424,-0.077273,0.077273,7,15,7,15,910.0,921.2
1849,6.154101,6.265779,-0.111678,0.111678,7,15,7,15,911.0,922.2
1850,6.181445,6.272723,-0.091278,0.091278,7,15,7,15,912.0,923.2
1851,6.100863,6.195600,-0.094737,0.094737,7,15,7,15,913.0,924.2
1852,6.148260,7.511212,-1.362952,1.362952,7,15,7,15,914.0,925.2
1853,6.112708,6.399726,-0.287018,0.287018,7,15,7,15,915.0,926.2
1854,6.119064,6.339466,-0.220402,0.220402,7,15,7,15,916.0,927.2
1855,6.076340,6.345834,-0.269494,0.269494,7,15,7,15,917.0,928.2
1856,7.529298,6.299355,1.229943,1.229943,7,15,7,15,918.0,929.2
1857,6.192779,6.310975,-0.118196,0.118196,7,15,7,15,919.0,930.2
1858,6.216387,6.291129,-0.074742,0.074742,7,15,7,15,920.0,931.2
1859,6.172296,6.428605,-0.256309,0.256309,7,15,7,15,921.0,932.2
1860,6.221935,6.246844,-0.024909,0.024909,7,15,7,15,922.0,933.2
1861,6.236118,6.436628,-0.200510,0.200510,7,15,7,15,923.0,934.2
1862,6.196292,6.260065,-0.063773,0.063773,7,15,7,15,924.0,935.2
1863,6.185253,6.282419,-0.097166,0.097166,7,15,7,15,925.0,936.2
1864,6.176486,6.312772,-0.136286,0.136286,7,15,7,15,926.0,937.2
1865,6.198686,6.286389,-0.087703,0.087703,7,15,7,15,927.0,938.2
1866,6.231097,6.317910,-0.086813,0.086813,7,15,7,15,928.0,939.2
1867,6.149175,6.339273,-0.190098,0.190098,7,15,7,15,929.0,940.2
1868,6.197323,6.292211,-0.094888,0.094888,7,15,7,15,930.0,941.2
1869,6.200123,6.302640,-0.102517,0.102517,7,15,7,15,931.0,942.2
1870,6.141813,6.267553,-0.125740,0.125740,7,15,7,15,932.0,943.2
1871,6.517780,6.267680,0.250100,0.250100,7,15,7,15,933.0,944.2
1872,6.152647,6.277465,-0.124818,0.124818,7,15,7,15,934.0,945.2
1873,6.135941,6.286750,-0.150809,0.150809,7,15,7,15,935.0,946.2
1874,6.156657,6.268098,-0.111441,0.111441,7,15,7,15,936.0,947.2
1875,6.160638,6.319105,-0.158467,0.158467,7,15,7,15,937.0,948.2
1876,6.186705,6.256664,-0.069959,0.069959,7,15,7,15,938.0,949.2
1877,6.122293,6.328915,-0.206622,0.206622,7,15,7,15,939.0,950.2
1878,6.140681,6.328316,-0.187635,0.187635,7,15,7,15,940.0,951.2
1879,6.166328,6.289637,-0.123309,0.123309,7,15,7,15,941.0,952.2
1880,6.104490,6.306722,-0.202232,0.202232,7,15,7,15,942.0,953.2
1881,6.140169,6.241347,-0.101178,0.101178,7,15,7,15,943.0,954.2
1882,6.158569,6.317121,-0.158552,0.158552,7,15,7,15,944.0,955.2
1883,6.182233,6.339332,-0.157099,0.157099,7,15,7,15,945.0,956.2
1884,6.178010,6.382676,-0.204666,0.204666,7,15,7,15,946.0,957.2
1885,6.971358,6.367062,0.604296,0.604296,6,15,6,15,969.8,958.2
1886,8.675981,6.395874,2.280107,2.280107,6,15,6,15,970.8,959.2
1887,7.696857,6.380760,1.316097,1.316097,6,15,6,15,971.8,960.2
1888,6.106367,6.324435,-0.218068,0.218068,6,15,6,15,972.8,961.2
1889,6.131366,6.304493,-0.173127,0.173127,6,15,6,15,973.8,962.2
1890,6.134493,6.302592,-0.168099,0.168099,6,15,6,15,974.8,963.2
1891,6.098288,6.322152,-0.223864,0.223864,6,15,6,15,975.8,964.2
1892,6.092045,6.276817,-0.184772,0.184772,6,15,6,15,976.8,965.2
1893,6.361617,6.256836,0.104781,0.104781,6,15,6,15,977.8,966.2
1894,6.188214,6.289818,-0.101604,0.101604,6,15,6,15,978.8,967.2
1895,6.186493,6.233439,-0.046946,0.046946,6,15,6,15,979.8,968.2
1896,6.149424,6.318802,-0.169378,0.169378,6,14,6,14,980.8,953.1
1897,6.164976,6.277916,-0.112940,0.112940,6,14,6,14,981.8,954.1
1898,6.132506,6.348203,-0.215697,0.215697,6,14,6,14,982.8,955.1
1899,6.186425,6.307509,-0.121084,0.121084,5,14,5,14,1010.8,956.1
1900,6.125607,6.243539,-0.117932,0.117932,5,14,5,14,1011.8,957.1
1901,6.101120,6.932612,-0.831492,0.831492,5,14,5,14,1012.8,958.1
1902,6.121690,6.404781,-0.283091,0.283091,5,14,5,14,1013.8,959.1
1903,6.083706,6.332049,-0.248343,0.248343,5,14,5,14,1014.8,960.1
1904,6.136768,6.423640,-0.286872,0.286872,5,14,5,14,1015.8,961.1
1905,7.685992,6.289608,1.396384,1.396384,5,14,5,14,1016.8,962.1
1906,6.160270,6.280219,-0.119949,0.119949,5,14,5,14,1017.8,963.1
1907,6.094611,6.310920,-0.216309,0.216309,5,14,5,14,1018.8,964.1
1908,6.127384,6.343480,-0.216096,0.216096,5,14,5,14,1019.8,965.1
1909,6.107139,6.260895,-0.153756,0.153756,5,14,5,14,1020.8,966.1
1910,6.103396,6.307794,-0.204398,0.204398,5,14,5,14,1021.8,967.1
1911,6.113142,6.264183,-0.151041,0.151041,5,14,5,14,1022.8,968.1
1912,6.164014,6.323228,-0.159214,0.159214,5,14,5,14,1023.8,969.1
1913,6.138236,6.329981,-0.191745,0.191745,5,14,5,14,1024.8,970.1
1914,6.143467,6.354705,-0.211238,0.211238,5,14,5,14,1025.8,971.1
1915,6.114860,6.312702,-0.197842,0.197842,5,14,5,14,1026.8,972.1
1916,6.085478,6.327777,-0.242299,0.242299,5,14,5,14,1027.8,973.1
1917,6.073151,6.323049,-0.249898,0.249898,5,14,5,14,1028.8,974.1
1918,6.128901,6.359643,-0.230742,0.230742,5,14,5,14,1029.8,975.1
1919,6.148188,6.301556,-0.153368,0.153368,5,14,5,14,1030.8,976.1
1920,6.134854,6.277009,-0.142155,0.142155,5,14,5,14,1031.8,977.1
1921,6.118220,6.310809,-0.192589,0.192589,5,13,5,13,1032.8,982.2
1922,6.105482,6.296777,-0.191295,0.191295,5,13,5,13,1033.8,983.2
1923,6.545465,6.279540,0.265925,0.265925,5,13,5,13,1034.8,984.2
1924,6.173897,6.356788,-0.182891,0.182891,5,13,5,13,1035.8,985.2
1925,6.141968,6.255169,-0.113201,0.113201,5,13,5,13,1036.8,986.2
1926,6.117498,6.292643,-0.175145,0.175145,5,13,5,13,1037.8,987.2
1927,6.147153,6.385823,-0.238670,0.238670,5,13,5,13,1038.8,988.2
1928,6.121854,6.369892,-0.248038,0.248038,5,13,5,13,1039.8,989.2
1929,6.145014,6.432211,-0.287197,0.287197,5,13,5,13,1040.8,990.2
1930,6.133372,6.409476,-0.276104,0.276104,5,13,5,13,1041.8,991.2
1931,6.112214,6.307552,-0.195338,0.195338,5,13,5,13,1042.8,992.2
1932,6.126375,6.291108,-0.164733,0.164733,5,13,5,13,1043.8,993.2
1933,6.111000,6.321453,-0.210453,0.210453,5,13,5,13,1044.8,994.2
1934,6.719823,6.270035,0.449788,0.449788,5,13,5,13,1045.8,995.2
1935,6.162236,6.283932,-0.121696,0.121696,5,13,5,13,1046.8,996.2
1936,6.193111,6.363567,-0.170456,0.170456,4,13,4,13,1089.2,997.2
1937,6.168954,6.342601,-0.173647,0.173647,4,13,4,13,1090.2,998.2
1938,6.183306,6.410405,-0.227099,0.227099,4,13,4,13,1091.2,999.2
1939,6.163034,6.314503,-0.151469,0.151469,4,13,4,13,1092.2,1000.2
1940,6.190012,6.274121,-0.084109,0.084109,4,13,4,13,1093.2,1001.2
1941,6.161431,6.282054,-0.120623,0.120623,4,13,4,13,1094.2,1002.2
1942,6.139032,6.287572,-0.148540,0.148540,4,13,4,13,1095.2,1003.2
1943,6.153927,6.265399,-0.111472,0.111472,4,13,4,13,1096.2,1004.2
1944,6.169887,6.376865,-0.206978,0.206978,4,13,4,13,1097.2,1005.2
1945,6.159193,6.288106,-0.128913,0.128913,4,13,4,13,1098.2,1006.2
1946,6.121294,6.291758,-0.170464,0.170464,4,13,4,13,1099.2,1007.2
1947,6.127250,6.364011,-0.236761,0.236761,4,13,4,13,1100.2,1008.2
1948,6.109431,6.244531,-0.135100,0.135100,4,13,4,13,1101.2,1009.2
1949,6.118306,7.629311,-1.511005,1.511005,4,13,4,13,1102.2,1010.2
1950,6.162588,6.355486,-0.192898,0.192898,4,13,4,13,1103.2,1011.2
1951,6.134779,6.328022,-0.193243,0.193243,4,13,4,13,1104.2,1012.2
1952,6.419324,6.341317,0.078007,0.078007,4,13,4,13,1105.2,1013.2
1953,6.119394,6.330999,-0.211605,0.211605,4,13,4,13,1106.2,1014.2
1954,6.163174,6.350023,-0.186849,0.186849,4,13,4,13,1107.2,1015.2
1955,7.202702,6.377600,0.825102,0.825102,4,13,4,13,1108.2,1016.2
1956,6.143258,6.348462,-0.205204,0.205204,4,13,4,13,1109.2,1017.2
1957,6.133010,6.278308,-0.145298,0.145298,4,13,4,13,1110.2,1018.2
1958,6.126812,6.317566,-0.190754,0.190754,4,13,4,13,1111.2,1019.2
1959,6.116536,6.373292,-0.256756,0.256756,4,12,4,12,1112.2,1049.4
1960,6.109431,6.414877,-0.305446,0.305446,4,12,4,12,1113.2,1050.4
1961,6.102878,6.330707,-0.227829,0.227829,4,12,4,12,1114.2,1051.4
1962,6.180903,6.351004,-0.170101,0.170101,4,12,4,12,1115.2,1052.4
1963,6.183259,6.357861,-0.174602,0.174602,4,12,4,12,1116.2,1053.4
1964,6.162143,6.308996,-0.146853,0.146853,4,12,4,12,1117.2,1054.4
1965,6.099070,6.308004,-0.208934,0.208934,4,12,4,12,1118.2,1055.4
1966,6.101894,6.332444,-0.230550,0.230550,4,12,4,12,1119.2,1056.4
1967,6.107421,6.349074,-0.241653,0.241653,4,12,4,12,1120.2,1057.4
1968,6.126771,6.351506,-0.224735,0.224735,4,12,4,12,1121.2,1058.4
1969,6.095753,6.348985,-0.253232,0.253232,4,12,4,12,1122.2,1059.4
1970,6.108771,6.311989,-0.203218,0.203218,4,12,4,12,1123.2,1060.4
1971,6.093810,6.347314,-0.253504,0.253504,4,12,4,12,1124.2,1061.4
1972,6.116641,6.410926,-0.294285,0.294285,4,11,4,11,1125.2,1021.2
1973,6.101639,6.395453,-0.293814,0.293814,4,11,4,11,1126.2,1022.2
1974,6.083059,6.429394,-0.346335,0.346335,4,11,4,11,1127.2,1023.2
1975,6.098176,6.405760,-0.307584,0.307584,4,11,4,11,1128.2,1024.2
1976,6.135161,6.384841,-0.249680,0.249680,4,11,4,11,1129.2,1025.2
1977,6.151999,6.367017,-0.215018,0.215018,4,11,4,11,1130.2,1026.2
1978,6.090682,6.336617,-0.245935,0.245935,4,11,4,11,1131.2,1027.2
1979,6.102139,6.296064,-0.193925,0.193925,4,11,4,11,1132.2,1028.2
1980,6.151531,6.331085,-0.179554,0.179554,4,11,4,11,1133.2,1029.2
1981,6.109554,6.346598,-0.237044,0.237044,4,11,4,11,1134.2,1030.2
1982,6.116670,6.340691,-0.224021,0.224021,4,11,4,11,1135.2,1031.2
1983,6.395546,6.313637,0.081909,0.081909,4,11,4,11,1136.2,1032.2
1984,6.552498,6.339448,0.213050,0.213050,4,11,4,11,1137.2,1033.2
1985,6.199820,6.393715,-0.193895,0.193895,4,11,4,11,1138.2,1034.2
1986,6.181186,6.337912,-0.156726,0.156726,4,11,4,11,1139.2,1035.2
1987,6.144745,6.341576,-0.196831,0.196831,4,11,4,11,1140.2,1036.2
1988,6.112003,6.320773,-0.208770,0.208770,4,11,4,11,1141.2,1037.2
1989,6.357276,6.375617,-0.018341,0.018341,4,11,4,11,1142.2,1038.2
1990,6.137036,6.325950,-0.188914,0.188914,4,11,4,11,1143.2,1039.2
1991,6.167685,6.314892,-0.147207,0.147207,4,11,4,11,1144.2,1040.2
1992,6.174423,6.353845,-0.179422,0.179422,4,11,4,11,1145.2,1041.2
1993,6.128078,6.318233,-0.190155,0.190155,4,11,4,11,1146.2,1042.2
1994,6.165724,6.329278,-0.163554,0.163554,4,11,4,11,1147.2,1043.2
1995,6.504706,6.310691,0.194015,0.194015,4,11,4,11,1148.2,1044.2
1996,6.159186,6.293757,-0.134571,0.134571,4,10,4,10,1149.2,1057.0
1997,6.171275,6.275618,-0.104343,0.104343,4,10,4,10,1150.2,1058.0
1998,6.158087,7.319291,-1.161204,1.161204,4,10,4,10,1151.2,1059.0
1999,6.167948,6.364739,-0.196791,0.196791,4,10,4,10,1152.2,1060.0
2000,6.105240,6.342356,-0.237116,0.237116,4,10,4,10,1153.2,1061.0
2001,6.140669,6.359265,-0.218596,0.218596,4,10,4,10,1154.2,1062.0
2002,6.108509,6.287812,-0.179303,0.179303,4,10,4,10,1155.2,1063.0
2003,6.111055,6.305333,-0.194278,0.194278,4,10,4,10,1156.2,1064.0
2004,7.323728,6.278293,1.045435,1.045435,4,10,4,10,1157.2,1065.0
2005,6.126022,6.325898,-0.199876,0.199876,4,10,4,10,1158.2,1066.0
2006,6.087665,6.323306,-0.235641,0.235641,4,10,4,10,1159.2,1067.0
2007,6.110250,6.317474,-0.207224,0.207224,4,10,4,10,1160.2,1068.0
2008,6.134192,6.259206,-0.125014,0.125014,4,10,4,10,1161.2,1069.0
2009,6.102028,6.305685,-0.203657,0.203657,4,10,4,10,1162.2,1070.0
2010,6.072183,6.283933,-0.211750,0.211750,4,10,4,10,1163.2,1071.0
2011,6.155522,6.333841,-0.178319,0.178319,4,10,4,10,1164.2,1072.0
2012,6.114261,6.328978,-0.214717,0.214717,3,10,3,10,1071.3,1073.0
2013,6.084677,6.294869,-0.210192,0.210192,3,10,3,10,1072.3,1074.0
2014,6.111831,6.356901,-0.245070,0.245070,3,10,3,10,1073.3,1075.0
2015,6.156091,6.335723,-0.179632,0.179632,3,10,3,10,1074.3,1076.0
2016,6.092176,6.327535,-0.235359,0.235359,3,10,3,10,1075.3,1077.0
2017,6.048572,6.330259,-0.281687,0.281687,3,10,3,10,1076.3,1078.0
2018,6.051940,6.292468,-0.240528,0.240528,3,10,3,10,1077.3,1079.0
2019,6.077197,6.413394,-0.336197,0.336197,3,10,3,10,1078.3,1080.0
2020,6.093476,6.324463,-0.230987,0.230987,3,10,3,10,1079.3,1081.0
2021,6.106152,6.318143,-0.211991,0.211991,3,10,3,10,1080.3,1082.0
2022,6.181151,6.311116,-0.129965,0.129965,3,10,3,10,1081.3,1083.0
2023,6.047599,6.279412,-0.231813,0.231813,3,10,3,10,1082.3,1084.0
2024,6.105594,6.323451,-0.217857,0.217857,3,10,3,10,1083.3,1085.0
2025,6.143860,6.362471,-0.218611,0.218611,3,10,3,10,1084.3,1086.0
2026,6.138278,6.303112,-0.164834,0.164834,3,10,3,10,1085.3,1087.0
2027,6.097093,6.351775,-0.254682,0.254682,3,10,3,10,1086.3,1088.0
2028,6.150252,6.304679,-0.154427,0.154427,3,10,3,10,1087.3,1089.0
2029,6.150056,6.288661,-0.138605,0.138605,3,10,3,10,1088.3,1090.0
2030,6.139713,6.334340,-0.194627,0.194627,3,9,3,9,1089.3,1102.8
2031,6.088733,6.310267,-0.221534,0.221534,3,9,3,9,1090.3,1103.8
2032,6.091405,6.267650,-0.176245,0.176245,3,9,3,9,1091.3,1104.8
2033,6.096203,6.320206,-0.224003,0.224003,3,9,3,9,1092.3,1105.8
2034,6.141201,6.317077,-0.175876,0.175876,3,9,3,9,1093.3,1106.8
2035,6.085857,6.305569,-0.219712,0.219712,3,9,3,9,1094.3,1107.8
2036,6.117143,6.293224,-0.176081,0.176081,3,9,3,9,1095.3,1108.8
2037,6.130965,6.297227,-0.166262,0.166262,3,9,3,9,1096.3,1109.8
2038,6.125917,6.255714,-0.129797,0.129797,3,9,3,9,1097.3,1110.8
2039,6.100531,6.262773,-0.162242,0.162242,3,9,3,9,1098.3,1111.8
2040,6.121059,6.282583,-0.161524,0.161524,3,9,3,9,1099.3,1112.8
2041,6.169273,6.195743,-0.026470,0.026470,3,9,3,9,1100.3,1113.8
2042,6.654171,6.239102,0.415069,0.415069,3,9,3,9,1101.3,1114.8
2043,6.188165,6.255305,-0.067140,0.067140,3,9,3,9,1102.3,1115.8
2044,6.136993,6.254418,-0.117425,0.117425,3,9,3,9,1103.3,1116.8
2045,6.155128,6.221365,-0.066237,0.066237,3,8,3,8,1104.3,1160.0
2046,6.139501,8.187474,-2.047973,2.047973,3,8,3,8,1105.3,1161.0
2047,6.127639,6.266627,-0.138988,0.138988,3,7,3,7,1106.3,1114.0
2048,6.127800,6.297407,-0.169607,0.169607,3,7,3,7,1107.3,1115.0
2049,6.126284,6.206042,-0.079758,0.079758,3,7,3,7,1108.3,1116.0
2050,6.132919,6.197176,-0.064257,0.064257,3,7,3,7,1109.3,1117.0
2051,6.191532,6.205550,-0.014018,0.014018,3,7,3,7,1110.3,1118.0
2052,6.132978,6.244799,-0.111821,0.111821,3,6,3,6,1111.3,1078.0
2053,6.110224,6.211016,-0.100792,0.100792,3,6,3,6,1112.3,1079.0
2054,7.149903,6.238787,0.911116,0.911116,3,6,3,6,1113.3,1080.0
2055,6.113798,6.247767,-0.133969,0.133969,3,6,3,6,1114.3,1081.0
2056,6.172279,6.208696,-0.036417,0.036417,3,6,3,6,1115.3,1082.0
2057,6.139914,6.367448,-0.227534,0.227534,3,6,3,6,1116.3,1083.0
2058,6.163065,6.180585,-0.017520,0.017520,3,6,3,6,1117.3,1084.0
2059,6.122391,6.196323,-0.073932,0.073932,3,6,3,6,1118.3,1085.0
2060,6.132981,6.178811,-0.045830,0.045830,3,6,3,6,1119.3,1086.0
2061,6.094612,6.174755,-0.080143,0.080143,3,6,3,6,1120.3,1087.0
2062,6.180806,6.180203,0.000603,0.000603,3,6,3,6,1121.3,1088.0
2063,6.953489,6.221959,0.731530,0.731530,3,6,3,6,1122.3,1089.0
2064,7.669871,6.192908,1.476963,1.476963,3,6,3,6,1123.3,1090.0
2065,6.171684,6.168858,0.002826,0.002826,3,6,3,6,1124.3,1091.0
2066,6.150931,6.413476,-0.262545,0.262545,3,6,3,6,1125.3,1092.0
2067,6.124685,6.260800,-0.136115,0.136115,3,6,3,6,1126.3,1093.0
2068,6.129325,6.183944,-0.054619,0.054619,3,6,3,6,1127.3,1094.0
2069,6.098091,6.203627,-0.105536,0.105536,3,6,3,6,1128.3,1095.0
2070,6.078827,6.195651,-0.116824,0.116824,3,6,3,6,1129.3,1096.0
2071,6.090987,6.199984,-0.108997,0.108997,3,6,3,6,1130.3,1097.0
2072,6.129126,6.207568,-0.078442,0.078442,3,6,3,6,1131.3,1098.0
2073,6.140777,6.225238,-0.084461,0.084461,3,6,3,6,1132.3,1099.0
2074,6.090656,6.206391,-0.115735,0.115735,3,6,3,6,1133.3,1100.0
2075,6.155311,6.223179,-0.067868,0.067868,3,6,3,6,1134.3,1101.0
2076,6.172907,6.166307,0.006600,0.006600,3,6,3,6,1135.3,1102.0
2077,6.157913,6.158072,-0.000159,0.000159,3,6,3,6,1136.3,1103.0
2078,6.161306,6.181231,-0.019925,0.019925,3,6,3,6,1137.3,1104.0
2079,6.149169,6.157553,-0.008384,0.008384,3,6,3,6,1138.3,1105.0
2080,6.114301,6.149685,-0.035384,0.035384,3,6,3,6,1139.3,1106.0
2081,6.647363,6.181478,0.465885,0.465885,3,6,3,6,1140.3,1107.0
2082,6.176699,6.196750,-0.020051,0.020051,3,6,3,6,1141.3,1108.0
2083,6.124303,6.188000,-0.063697,0.063697,3,6,3,6,1142.3,1109.0
2084,6.157892,6.170776,-0.012884,0.012884,3,6,3,6,1143.3,1110.0
2085,6.156417,6.180723,-0.024306,0.024306,3,6,3,6,1144.3,1111.0
2086,6.151039,6.178558,-0.027519,0.027519,3,6,3,6,1145.3,1112.0
2087,6.124899,6.183912,-0.059013,0.059013,3,6,3,6,1146.3,1113.0
2088,6.190178,6.183262,0.006916,0.006916,3,6,3,6,1147.3,1114.0
2089,6.179765,6.182483,-0.002718,0.002718,3,6,3,6,1148.3,1115.0
2090,6.176318,6.164256,0.012062,0.012062,3,6,3,6,1149.3,1116.0
2091,6.138468,6.162487,-0.024019,0.024019,3,6,3,6,1150.3,1117.0
2092,6.140173,6.146924,-0.006751,0.006751,3,6,3,6,1151.3,1118.0
2093,6.169587,6.146720,0.022867,0.022867,3,6,3,6,1152.3,1119.0
2094,6.151177,6.155419,-0.004242,0.004242,3,6,3,6,1153.3,1120.0
2095,6.140338,6.162545,-0.022207,0.022207,3,6,3,6,1154.3,1121.0
2096,6.143437,7.460023,-1.316586,1.316586,3,6,3,6,1155.3,1122.0
2097,6.054527,6.404258,-0.349731,0.349731,3,6,3,6,1156.3,1123.0
2098,6.105027,6.214624,-0.109597,0.109597,3,6,3,6,1157.3,1124.0
2099,6.082145,6.201922,-0.119777,0.119777,3,6,3,6,1158.3,1125.0
2100,6.076977,6.203418,-0.126441,0.126441,3,6,3,6,1159.3,1126.0
2101,6.149015,6.143205,0.005810,0.005810,3,6,3,6,1160.3,1127.0
2102,6.118979,6.183666,-0.064687,0.064687,3,6,3,6,1161.3,1128.0
2103,6.692843,6.193868,0.498975,0.498975,3,6,3,6,1162.3,1129.0
2104,6.138864,6.157106,-0.018242,0.018242,3,6,3,6,1163.3,1130.0
2105,6.158960,6.170458,-0.011498,0.011498,3,6,3,6,1164.3,1131.0
2106,6.118138,6.137799,-0.019661,0.019661,3,6,3,6,1165.3,1132.0
2107,6.124769,6.184357,-0.059588,0.059588,3,6,3,6,1166.3,1133.0
2108,6.109099,6.188773,-0.079674,0.079674,3,6,3,6,1167.3,1134.0
2109,6.105060,6.216764,-0.111704,0.111704,3,6,3,6,1168.3,1135.0
2110,6.069813,6.168242,-0.098429,0.098429,3,6,3,6,1169.3,1136.0
2111,6.114326,6.190543,-0.076217,0.076217,3,6,3,6,1170.3,1137.0
2112,6.119984,6.179628,-0.059644,0.059644,3,6,3,6,1171.3,1138.0
2113,6.133312,6.511222,-0.377910,0.377910,3,6,3,6,1172.3,1139.0
2114,6.131104,6.196310,-0.065206,0.065206,3,6,3,6,1173.3,1140.0
2115,6.096942,6.176710,-0.079768,0.079768,3,6,3,6,1174.3,1141.0
2116,6.089730,6.216125,-0.126395,0.126395,3,6,3,6,1175.3,1142.0
2117,6.086621,6.240037,-0.153416,0.153416,3,6,3,6,1176.3,1143.0
2118,6.113785,6.223364,-0.109579,0.109579,3,6,3,6,1177.3,1144.0
2119,6.136315,6.192964,-0.056649,0.056649,3,6,3,6,1178.3,1145.0
2120,6.059921,6.195027,-0.135106,0.135106,3,5,3,5,1179.3,996.0
2121,6.134025,6.218091,-0.084066,0.084066,3,5,3,5,1180.3,997.0
2122,6.098809,6.186768,-0.087959,0.087959,3,5,3,5,1181.3,998.0
2123,6.062747,6.266517,-0.203770,0.203770,3,5,3,5,1182.3,999.0
2124,6.066933,6.157360,-0.090427,0.090427,3,5,3,5,1183.3,1000.0
2125,6.144618,6.155863,-0.011245,0.011245,3,5,3,5,1184.3,1001.0
2126,6.099596,6.177859,-0.078263,0.078263,3,5,3,5,1185.3,1002.0
2127,6.078979,6.201579,-0.122600,0.122600,3,5,3,5,1186.3,1003.0
2128,6.109760,6.208415,-0.098655,0.098655,3,5,3,5,1187.3,1004.0
2129,6.100203,6.211811,-0.111608,0.111608,3,4,3,4,1188.3,1032.0
2130,6.110005,6.199674,-0.089669,0.089669,3,4,3,4,1189.3,1033.0
2131,6.096045,6.202845,-0.106800,0.106800,3,4,3,4,1190.3,1034.0
2132,6.093231,6.227621,-0.134390,0.134390,3,4,3,4,1191.3,1035.0
2133,6.127768,6.196379,-0.068611,0.068611,3,4,3,4,1192.3,1036.0
2134,6.183366,6.161558,0.021808,0.021808,3,4,3,4,1193.3,1037.0
2135,6.198662,6.169943,0.028719,0.028719,3,4,3,4,1194.3,1038.0
2136,6.140983,6.201516,-0.060533,0.060533,3,4,3,4,1195.3,1039.0
2137,6.180734,6.162765,0.017969,0.017969,3,4,3,4,1196.3,1040.0
2138,6.226080,6.201807,0.024273,0.024273,3,4,3,4,1197.3,1041.0
2139,6.123203,6.184260,-0.061057,0.061057,3,4,3,4,1198.3,1042.0
2140,6.195281,6.185080,0.010201,0.010201,3,4,3,4,1199.3,1043.0
2141,6.173639,6.163119,0.010520,0.010520,3,4,3,4,1200.3,1044.0
2142,6.173427,6.183711,-0.010284,0.010284,3,4,3,4,1201.3,1045.0
2143,6.147507,6.147586,-0.000079,0.000079,3,4,3,4,1202.3,1046.0
2144,6.126148,6.146099,-0.019951,0.019951,3,4,3,4,1203.3,1047.0
2145,6.151954,6.521946,-0.369992,0.369992,3,4,3,4,1204.3,1048.0
2146,6.107705,6.220225,-0.112520,0.112520,3,4,3,4,1205.3,1049.0
2147,6.149761,6.265178,-0.115417,0.115417,3,4,3,4,1206.3,1050.0
2148,6.158119,6.188684,-0.030565,0.030565,3,4,3,4,1207.3,1051.0
2149,6.220948,6.236084,-0.015136,0.015136,3,3,3,3,1208.3,1056.0
2150,6.206152,6.205757,0.000395,0.000395,3,3,3,3,1209.3,1057.0
2151,6.170623,6.183951,-0.013328,0.013328,3,3,3,3,1210.3,1058.0
2152,6.146363,6.197431,-0.051068,0.051068,3,3,3,3,1211.3,1059.0
2153,8.691328,6.204515,2.486813,2.486813,3,3,3,3,1212.3,1060.0
2154,6.142831,6.243314,-0.100483,0.100483,3,3,3,3,1213.3,1061.0
2155,6.158476,6.180257,-0.021781,0.021781,3,3,3,3,1214.3,1062.0
2156,6.170165,6.159473,0.010692,0.010692,3,3,3,3,1215.3,1063.0
2157,6.127902,6.207035,-0.079133,0.079133,3,3,3,3,1216.3,1064.0
2158,6.112208,6.176416,-0.064208,0.064208,3,3,3,3,1217.3,1065.0
2159,6.129944,6.170835,-0.040891,0.040891,3,3,3,3,1218.3,1066.0
2160,6.131301,6.313414,-0.182113,0.182113,3,3,3,3,1219.3,1067.0
2161,6.162151,6.158701,0.003450,0.003450,3,3,3,3,1220.3,1068.0
2162,6.166238,6.143790,0.022448,0.022448,3,3,3,3,1221.3,1069.0
2163,6.149960,6.169635,-0.019675,0.019675,3,3,3,3,1222.3,1070.0
2164,6.185012,6.191731,-0.006719,0.006719,3,3,3,3,1223.3,1071.0
2165,6.174458,6.170357,0.004101,0.004101,3,3,3,3,1224.3,1072.0
2166,6.135277,6.174733,-0.039456,0.039456,3,3,3,3,1225.3,1073.0
2167,6.127776,6.172214,-0.044438,0.044438,3,3,3,3,1226.3,1074.0
2168,6.101057,6.140396,-0.039339,0.039339,3,3,3,3,1227.3,1075.0
2169,6.112032,6.173947,-0.061915,0.061915,3,3,3,3,1228.3,1076.0
2170,6.130581,6.199378,-0.068797,0.068797,2,3,2,3,1207.0,1077.0
2171,6.079833,6.160298,-0.080465,0.080465,2,3,2,3,1208.0,1078.0
2172,6.165852,6.180511,-0.014659,0.014659,2,3,2,3,1209.0,1079.0
2173,6.185878,6.153912,0.031966,0.031966,2,3,2,3,1210.0,1080.0
2174,6.180569,6.185166,-0.004597,0.004597,2,3,2,3,1211.0,1081.0
2175,6.104780,6.138555,-0.033775,0.033775,2,3,2,3,1212.0,1082.0
2176,6.164738,6.190161,-0.025423,0.025423,2,3,2,3,1213.0,1083.0
2177,6.177950,6.140010,0.037940,0.037940,2,3,2,3,1214.0,1084.0
2178,6.156067,6.156803,-0.000736,0.000736,2,3,2,3,1215.0,1085.0
2179,6.159042,6.154489,0.004553,0.004553,2,3,2,3,1216.0,1086.0
2180,6.148857,6.175286,-0.026429,0.026429,2,3,2,3,1217.0,1087.0
2181,6.136119,6.180216,-0.044097,0.044097,2,3,2,3,1218.0,1088.0
2182,6.115467,6.168366,-0.052899,0.052899,2,3,2,3,1219.0,1089.0
2183,6.122509,6.180795,-0.058286,0.058286,2,3,2,3,1220.0,1090.0
2184,6.141784,6.171760,-0.029976,0.029976,2,3,2,3,1221.0,1091.0
2185,6.116776,6.166605,-0.049829,0.049829,2,3,2,3,1222.0,1092.0
2186,6.148602,6.206126,-0.057524,0.057524,2,3,2,3,1223.0,1093.0
2187,6.123893,6.169737,-0.045844,0.045844,2,3,2,3,1224.0,1094.0
2188,6.113145,6.167476,-0.054331,0.054331,2,3,2,3,1225.0,1095.0
2189,6.098891,6.176075,-0.077184,0.077184,2,3,2,3,1226.0,1096.0
2190,6.146135,6.153669,-0.007534,0.007534,2,3,2,3,1227.0,1097.0
2191,6.102563,6.175420,-0.072857,0.072857,2,3,2,3,1228.0,1098.0
2192,6.084305,6.172525,-0.088220,0.088220,2,3,2,3,1229.0,1099.0
2193,6.072695,6.158878,-0.086183,0.086183,2,3,2,3,1230.0,1100.0
2194,6.105496,6.193341,-0.087845,0.087845,2,3,2,3,1231.0,1101.0
2195,6.097031,7.284976,-1.187945,1.187945,2,3,2,3,1232.0,1102.0
2196,6.120943,6.239163,-0.118220,0.118220,2,3,2,3,1233.0,1103.0
2197,6.125187,6.236454,-0.111267,0.111267,2,3,2,3,1234.0,1104.0
2198,6.120743,6.232988,-0.112245,0.112245,2,3,2,3,1235.0,1105.0
2199,6.182192,6.198735,-0.016543,0.016543,2,3,2,3,1236.0,1106.0
2200,6.133014,6.205519,-0.072505,0.072505,2,3,2,3,1237.0,1107.0
2201,6.149035,6.183662,-0.034627,0.034627,2,3,2,3,1238.0,1108.0
2202,8.665247,6.196858,2.468389,2.468389,2,3,2,3,1239.0,1109.0
2203,6.099096,6.207868,-0.108772,0.108772,2,3,2,3,1240.0,1110.0
2204,6.175852,6.162986,0.012866,0.012866,2,3,2,3,1241.0,1111.0
2205,6.125968,6.169174,-0.043206,0.043206,2,3,2,3,1242.0,1112.0
2206,6.091129,6.177261,-0.086132,0.086132,2,3,2,3,1243.0,1113.0
2207,6.094250,6.172664,-0.078414,0.078414,2,3,2,3,1244.0,1114.0
2208,6.120193,6.194264,-0.074071,0.074071,2,3,2,3,1245.0,1115.0
2209,6.083464,6.178034,-0.094570,0.094570,2,3,2,3,1246.0,1116.0
2210,6.096176,6.169974,-0.073798,0.073798,2,3,2,3,1247.0,1117.0
2211,6.099479,6.179015,-0.079536,0.079536,2,3,2,3,1248.0,1118.0
2212,6.204145,6.150721,0.053424,0.053424,2,3,2,3,1249.0,1119.0
2213,6.141773,6.156734,-0.014961,0.014961,2,3,2,3,1250.0,1120.0
2214,6.162336,6.144264,0.018072,0.018072,2,3,2,3,1251.0,1121.0
2215,6.117287,6.174372,-0.057085,0.057085,2,3,2,3,1252.0,1122.0
2216,6.144084,6.128325,0.015759,0.015759,2,3,2,3,1253.0,1123.0
2217,6.096154,6.160471,-0.064317,0.064317,2,3,2,3,1254.0,1124.0
2218,6.086908,6.193400,-0.106492,0.106492,2,3,2,3,1255.0,1125.0
2219,6.062987,6.182517,-0.119530,0.119530,2,3,2,3,1256.0,1126.0
2220,6.199073,6.149941,0.049132,0.049132,2,3,2,3,1257.0,1127.0
2221,6.230099,6.192081,0.038018,0.038018,1,3,1,3,1256.0,1128.0
2222,6.168203,6.180065,-0.011862,0.011862,1,3,1,3,1257.0,1129.0
2223,6.130681,6.198983,-0.068302,0.068302,1,3,1,3,1258.0,1130.0
2224,6.113833,6.173595,-0.059762,0.059762,1,3,1,3,1259.0,1131.0
2225,6.113653,6.150359,-0.036706,0.036706,1,3,1,3,1260.0,1132.0
2226,6.077375,6.170980,-0.093605,0.093605,1,3,1,3,1261.0,1133.0
2227,6.109196,6.202629,-0.093433,0.093433,1,3,1,3,1262.0,1134.0
2228,6.110801,6.157048,-0.046247,0.046247,1,3,1,3,1263.0,1135.0
2229,6.192840,6.197731,-0.004891,0.004891,1,3,1,3,1264.0,1136.0
2230,6.083391,6.182949,-0.099558,0.099558,1,3,1,3,1265.0,1137.0
2231,6.071803,6.180322,-0.108519,0.108519,1,3,1,3,1266.0,1138.0
2232,6.046955,6.190425,-0.143470,0.143470,1,3,1,3,1267.0,1139.0
2233,6.066980,6.210532,-0.143552,0.143552,1,3,1,3,1268.0,1140.0
2234,6.110734,6.153348,-0.042614,0.042614,1,3,1,3,1269.0,1141.0
2235,6.069243,6.171780,-0.102537,0.102537,1,3,1,3,1270.0,1142.0
2236,6.047820,6.262992,-0.215172,0.215172,1,3,1,3,1271.0,1143.0
2237,6.064981,6.166403,-0.101422,0.101422,1,3,1,3,1272.0,1144.0
2238,6.081934,6.148149,-0.066215,0.066215,1,3,1,3,1273.0,1145.0
2239,6.072658,6.152856,-0.080198,0.080198,1,3,1,3,1274.0,1146.0
2240,6.046516,6.157509,-0.110993,0.110993,1,3,1,3,1275.0,1147.0
2241,6.036648,6.145850,-0.109202,0.109202,1,3,1,3,1276.0,1148.0
2242,6.094229,6.187129,-0.092900,0.092900,1,3,1,3,1277.0,1149.0
2243,6.067399,6.156125,-0.088726,0.088726,1,3,1,3,1278.0,1150.0
2244,6.123144,6.219393,-0.096249,0.096249,1,3,1,3,1279.0,1151.0
2245,6.125785,6.579017,-0.453232,0.453232,1,3,1,3,1280.0,1152.0
2246,6.083565,6.227152,-0.143587,0.143587,1,3,1,3,1281.0,1153.0
2247,6.108420,6.205578,-0.097158,0.097158,1,3,1,3,1282.0,1154.0
2248,6.078535,6.214583,-0.136048,0.136048,1,3,1,3,1283.0,1155.0
2249,6.072271,6.209150,-0.136879,0.136879,1,3,1,3,1284.0,1156.0
2250,6.052528,6.153696,-0.101168,0.101168,1,3,1,3,1285.0,1157.0
2251,6.045985,6.181394,-0.135409,0.135409,1,3,1,3,1286.0,1158.0
2252,6.098444,6.227750,-0.129306,0.129306,1,3,1,3,1287.0,1159.0
2253,8.500803,6.184239,2.316564,2.316564,1,3,1,3,1288.0,1160.0
2254,6.123195,6.152467,-0.029272,0.029272,1,3,1,3,1289.0,1161.0
2255,6.211622,6.140343,0.071279,0.071279,1,3,1,3,1290.0,1162.0
2256,6.123985,6.190095,-0.066110,0.066110,1,3,1,3,1291.0,1163.0
2257,6.050334,6.193897,-0.143563,0.143563,1,3,1,3,1292.0,1164.0
2258,6.088926,6.167546,-0.078620,0.078620,1,3,1,3,1293.0,1165.0
2259,6.081789,6.199194,-0.117405,0.117405,1,3,1,3,1294.0,1166.0
2260,6.067309,6.188817,-0.121508,0.121508,1,3,1,3,1295.0,1167.0
2261,6.102336,6.156462,-0.054126,0.054126,1,3,1,3,1296.0,1168.0
2262,6.102490,6.171503,-0.069013,0.069013,1,3,1,3,1297.0,1169.0
2263,6.054269,6.217278,-0.163009,0.163009,1,3,1,3,1298.0,1170.0
2264,6.093161,6.181029,-0.087868,0.087868,1,3,1,3,1299.0,1171.0
2265,6.080411,6.190637,-0.110226,0.110226,1,3,1,3,1300.0,1172.0
2266,6.039998,6.186505,-0.146507,0.146507,1,3,1,3,1301.0,1173.0
2267,6.030606,6.174283,-0.143677,0.143677,1,3,1,3,1302.0,1174.0
2268,6.043211,6.206857,-0.163646,0.163646,1,3,1,3,1303.0,1175.0
2269,6.105037,6.174197,-0.069160,0.069160,1,3,1,3,1304.0,1176.0
2270,6.109780,6.183882,-0.074102,0.074102,1,3,1,3,1305.0,1177.0
2271,6.087648,6.189582,-0.101934,0.101934,1,3,1,3,1306.0,1178.0
2272,6.096559,6.210415,-0.113856,0.113856,1,3,1,3,1307.0,1179.0
2273,6.124373,6.200161,-0.075788,0.075788,1,3,1,3,1308.0,1180.0
2274,6.065504,6.175827,-0.110323,0.110323,1,3,1,3,1309.0,1181.0
2275,6.081006,6.171984,-0.090978,0.090978,1,3,1,3,1310.0,1182.0
2276,6.099948,6.204885,-0.104937,0.104937,1,3,1,3,1311.0,1183.0
2277,6.081469,6.196450,-0.114981,0.114981,1,3,1,3,1312.0,1184.0
2278,6.088715,6.204252,-0.115537,0.115537,1,3,1,3,1313.0,1185.0
2279,6.088553,8.188141,-2.099588,2.099588,1,3,1,3,1314.0,1186.0
2280,6.075963,7.671909,-1.595946,1.595946,1,3,1,3,1315.0,1187.0
2281,6.066539,7.724067,-1.657528,1.657528,1,3,1,3,1316.0,1188.0
2282,6.104262,7.676471,-1.572209,1.572209,1,2,1,2,1317.0,1284.0
2283,6.165075,7.693166,-1.528091,1.528091,1,2,1,2,1318.0,1285.0
2284,6.128267,7.614500,-1.486233,1.486233,1,2,1,2,1319.0,1286.0
2285,6.056050,7.700192,-1.644142,1.644142,1,2,1,2,1320.0,1287.0
2286,6.112466,7.651637,-1.539171,1.539171,1,2,1,2,1321.0,1288.0
2287,6.111705,7.600933,-1.489228,1.489228,1,2,1,2,1322.0,1289.0
2288,6.062667,7.596844,-1.534177,1.534177,1,2,1,2,1323.0,1290.0
2289,6.076911,7.634705,-1.557794,1.557794,1,2,1,2,1324.0,1291.0
2290,6.062068,7.647455,-1.585387,1.585387,1,2,1,2,1325.0,1292.0
2291,6.126808,7.616231,-1.489423,1.489423,1,2,1,2,1326.0,1293.0
2292,6.056411,7.654554,-1.598143,1.598143,1,2,1,2,1327.0,1294.0
2293,6.070494,7.641640,-1.571146,1.571146,1,2,1,2,1328.0,1295.0
2294,6.050659,9.357002,-3.306343,3.306343,1,2,1,2,1329.0,1296.0
2295,6.115006,7.659102,-1.544096,1.544096,1,2,1,2,1330.0,1297.0
2296,6.131494,7.655449,-1.523955,1.523955,1,2,1,2,1331.0,1298.0
2297,6.060765,7.674843,-1.614078,1.614078,1,2,1,2,1332.0,1299.0
2298,6.068226,7.651239,-1.583013,1.583013,1,2,1,2,1333.0,1300.0
2299,6.232470,7.688198,-1.455728,1.455728,1,2,1,2,1334.0,1301.0
2300,6.118854,7.653654,-1.534800,1.534800,1,2,1,2,1335.0,1302.0
2301,6.131838,7.644547,-1.512709,1.512709,1,2,1,2,1336.0,1303.0
2302,6.082125,7.610405,-1.528280,1.528280,1,2,1,2,1337.0,1304.0
2303,6.555553,7.615488,-1.059935,1.059935,1,2,1,2,1338.0,1305.0
2304,6.161587,7.591624,-1.430037,1.430037,1,2,1,2,1339.0,1306.0
2305,6.123433,7.616795,-1.493362,1.493362,1,2,1,2,1340.0,1307.0
2306,6.080431,6.891112,-0.810681,0.810681,1,2,1,2,1341.0,1308.0
2307,6.113126,5.998483,0.114643,0.114643,1,2,1,2,1342.0,1309.0
2308,6.063374,6.005879,0.057495,0.057495,1,2,1,2,1343.0,1310.0
2309,6.075825,5.996604,0.079221,0.079221,1,2,1,2,1344.0,1311.0
2310,6.050492,5.994174,0.056318,0.056318,1,2,1,2,1345.0,1312.0
2311,6.035559,6.002889,0.032670,0.032670,1,2,1,2,1346.0,1313.0
2312,6.088471,6.010611,0.077860,0.077860,1,2,1,2,1347.0,1314.0
2313,6.088932,5.988525,0.100407,0.100407,1,2,1,2,1348.0,1315.0
2314,6.074888,5.978049,0.096839,0.096839,1,2,1,2,1349.0,1316.0
2315,6.082352,6.008462,0.073890,0.073890,1,2,1,2,1350.0,1317.0
2316,6.110069,6.022605,0.087464,0.087464,1,2,1,2,1351.0,1318.0
2317,6.090107,6.067971,0.022136,0.022136,1,2,1,2,1352.0,1319.0
2318,6.127003,6.047595,0.079408,0.079408,1,2,1,2,1353.0,1320.0
2319,6.137096,6.045505,0.091591,0.091591,1,2,1,2,1354.0,1321.0
2320,6.236245,5.993779,0.242466,0.242466,1,2,1,2,1355.0,1322.0
2321,6.054648,6.007410,0.047238,0.047238,1,2,1,2,1356.0,1323.0
2322,6.073247,6.015117,0.058130,0.058130,1,2,1,2,1357.0,1324.0
2323,6.069639,6.045915,0.023724,0.023724,1,2,1,2,1358.0,1325.0
2324,6.026275,6.022430,0.003845,0.003845,1,2,1,2,1359.0,1326.0
2325,6.061820,6.011224,0.050596,0.050596,1,2,1,2,1360.0,1327.0
2326,6.055114,6.013749,0.041365,0.041365,1,2,1,2,1361.0,1328.0
2327,6.095857,6.034298,0.061559,0.061559,1,2,1,2,1362.0,1329.0
2328,6.034900,6.076389,-0.041489,0.041489,1,2,1,2,1363.0,1330.0
2329,6.076433,6.024374,0.052059,0.052059,1,2,1,2,1364.0,1331.0
2330,6.090382,5.993473,0.096909,0.096909,1,2,1,2,1365.0,1332.0
2331,6.105162,6.032102,0.073060,0.073060,1,2,1,2,1366.0,1333.0
2332,6.117184,6.013694,0.103490,0.103490,1,2,1,2,1367.0,1334.0
2333,6.121801,6.017462,0.104339,0.104339,1,2,1,2,1368.0,1335.0
2334,6.110519,6.013826,0.096693,0.096693,1,2,1,2,1369.0,1336.0
